Post_ID,Date,Time,Timezone,Network,Content_Type,Caption,Media_URL,First_Comment,Hook_Status,QC_Approval,Status
POST-0001,2026-10-01,08:15:00,America/New_York (US EST) / SAST Ready,LinkedIn,LONGFORM,Burnout isn't caused by working 12 hours a day. It's caused by making 40 micro-decisions before 10 AM. #Productivity #PersonalGrowth #Leadership #Systems,,Grab the cloneable 1-page Daily Shutdown SOP in Notion: https://content-syndication-portfolio.vercel.app/#operations-os,PASSED (Under 3 lines / 140 chars before truncation),VERIFIED (Canva 4:5 + Color Hex Checked),Scheduled
POST-0002,2026-10-01,12:30:00,America/New_York (US EST) / SAST Ready,LinkedIn,CAROUSEL,Burnout isn't caused by working 12 hours a day. It's caused by making 40 micro-decisions before 10 AM. #Productivity #PersonalGrowth #Leadership #Systems,https://content-syndication-portfolio.vercel.app/assets/2026-10-01_LI_002_CAROUSEL.pdf,Grab the cloneable 1-page Daily Shutdown SOP in Notion: https://content-syndication-portfolio.vercel.app/#operations-os,PASSED (Under 3 lines / 140 chars before truncation),VERIFIED (Canva 4:5 + Color Hex Checked),Scheduled
POST-0003,2026-10-01,11:00:00,America/New_York (US EST) / SAST Ready,Instagram,REEL_9x16,The high-performer's secret to eliminating decision fatigue. Save this for your morning routine. ⚡ #PersonalGrowth #HighPerformance #FocusHabits #DailyRoutine,https://content-syndication-portfolio.vercel.app/assets/2026-10-01_IG_003_REEL_9x16.mp4,Drop 'SOP' below and we'll DM you the Notion template link directly.,PASSED (Mobile safe zones verified 1080x1920),VERIFIED (Audio synced + 15% safe margin),Scheduled
POST-0004,2026-10-01,18:45:00,America/New_York (US EST) / SAST Ready,Instagram,CAROUSEL_4x5,The high-performer's secret to eliminating decision fatigue. Save this for your morning routine. ⚡ #PersonalGrowth #HighPerformance #FocusHabits #DailyRoutine,https://content-syndication-portfolio.vercel.app/assets/2026-10-01_IG_004_CAROUSEL_4x5.jpg,Drop 'SOP' below and we'll DM you the Notion template link directly.,PASSED (Mobile safe zones verified 1080x1920),VERIFIED (Audio synced + 15% safe margin),Scheduled
POST-0005,2026-10-01,14:00:00,America/New_York (US EST) / SAST Ready,YouTube,SHORTS_9x16,The Frictionless Operator: Stop Burning 30% of Your Focus Before Noon. Full guide in description.,https://content-syndication-portfolio.vercel.app/assets/2026-10-01_YT_005_SHORTS_9x16.mp4,Pinned: Download the free Notion Operator Checklist: https://content-syndication-portfolio.vercel.app/#operations-os,PASSED (First 5 seconds retention beat confirmed),VERIFIED (Thumbnail 1280x720 + High Contrast Title),Scheduled
POST-0006,2026-10-01,09:00:00,America/New_York (US EST) / SAST Ready,X / Twitter,THREAD,"If you sit at your desk at 9 AM and ask 'what should I work on today?' you've already lost.

Pre-decide your top 3 needle-movers at 5 PM yesterday. Execution beats deliberation.",,Read the full canonical breakdown: https://medium.com/@jezreelleybag.graphics/the-frictionless-operator-how-high-performers-eliminate-decision-fatigue-2feada7f7678,PASSED (280 character limit validated),"VERIFIED (No orphan hashtags, single line spacing)",Scheduled
POST-0007,2026-10-01,15:15:00,America/New_York (US EST) / SAST Ready,X / Twitter,SINGLE_TWEET,"If you sit at your desk at 9 AM and ask 'what should I work on today?' you've already lost.

Pre-decide your top 3 needle-movers at 5 PM yesterday. Execution beats deliberation.",,Read the full canonical breakdown: https://medium.com/@jezreelleybag.graphics/the-frictionless-operator-how-high-performers-eliminate-decision-fatigue-2feada7f7678,PASSED (280 character limit validated),"VERIFIED (No orphan hashtags, single line spacing)",Scheduled
POST-0008,2026-10-01,20:00:00,America/New_York (US EST) / SAST Ready,X / Twitter,SINGLE_TWEET,"If you sit at your desk at 9 AM and ask 'what should I work on today?' you've already lost.

Pre-decide your top 3 needle-movers at 5 PM yesterday. Execution beats deliberation.",,Read the full canonical breakdown: https://medium.com/@jezreelleybag.graphics/the-frictionless-operator-how-high-performers-eliminate-decision-fatigue-2feada7f7678,PASSED (280 character limit validated),"VERIFIED (No orphan hashtags, single line spacing)",Scheduled
POST-0009,2026-10-02,08:15:00,America/New_York (US EST) / SAST Ready,LinkedIn,LONGFORM,Burnout isn't caused by working 12 hours a day. It's caused by making 40 micro-decisions before 10 AM. #Productivity #PersonalGrowth #Leadership #Systems,,Grab the cloneable 1-page Daily Shutdown SOP in Notion: https://content-syndication-portfolio.vercel.app/#operations-os,PASSED (Under 3 lines / 140 chars before truncation),VERIFIED (Canva 4:5 + Color Hex Checked),Scheduled
POST-0010,2026-10-02,12:30:00,America/New_York (US EST) / SAST Ready,LinkedIn,CAROUSEL,Burnout isn't caused by working 12 hours a day. It's caused by making 40 micro-decisions before 10 AM. #Productivity #PersonalGrowth #Leadership #Systems,https://content-syndication-portfolio.vercel.app/assets/2026-10-02_LI_010_CAROUSEL.pdf,Grab the cloneable 1-page Daily Shutdown SOP in Notion: https://content-syndication-portfolio.vercel.app/#operations-os,PASSED (Under 3 lines / 140 chars before truncation),VERIFIED (Canva 4:5 + Color Hex Checked),Scheduled
POST-0011,2026-10-02,11:00:00,America/New_York (US EST) / SAST Ready,Instagram,REEL_9x16,The high-performer's secret to eliminating decision fatigue. Save this for your morning routine. ⚡ #PersonalGrowth #HighPerformance #FocusHabits #DailyRoutine,https://content-syndication-portfolio.vercel.app/assets/2026-10-02_IG_011_REEL_9x16.mp4,Drop 'SOP' below and we'll DM you the Notion template link directly.,PASSED (Mobile safe zones verified 1080x1920),VERIFIED (Audio synced + 15% safe margin),Scheduled
POST-0012,2026-10-02,18:45:00,America/New_York (US EST) / SAST Ready,Instagram,CAROUSEL_4x5,The high-performer's secret to eliminating decision fatigue. Save this for your morning routine. ⚡ #PersonalGrowth #HighPerformance #FocusHabits #DailyRoutine,https://content-syndication-portfolio.vercel.app/assets/2026-10-02_IG_012_CAROUSEL_4x5.jpg,Drop 'SOP' below and we'll DM you the Notion template link directly.,PASSED (Mobile safe zones verified 1080x1920),VERIFIED (Audio synced + 15% safe margin),Scheduled
POST-0013,2026-10-02,14:00:00,America/New_York (US EST) / SAST Ready,YouTube,SHORTS_9x16,The 5 PM Shutdown Protocol: Stop Burning 30% of Your Focus Before Noon. Full guide in description.,https://content-syndication-portfolio.vercel.app/assets/2026-10-02_YT_013_SHORTS_9x16.mp4,Pinned: Download the free Notion Operator Checklist: https://content-syndication-portfolio.vercel.app/#operations-os,PASSED (First 5 seconds retention beat confirmed),VERIFIED (Thumbnail 1280x720 + High Contrast Title),Scheduled
POST-0014,2026-10-02,09:00:00,America/New_York (US EST) / SAST Ready,X / Twitter,SINGLE_TWEET,"If you sit at your desk at 9 AM and ask 'what should I work on today?' you've already lost.

Pre-decide your top 3 needle-movers at 5 PM yesterday. Execution beats deliberation.",,Read the full canonical breakdown: https://medium.com/@jezreelleybag.graphics/the-frictionless-operator-how-high-performers-eliminate-decision-fatigue-2feada7f7678,PASSED (280 character limit validated),"VERIFIED (No orphan hashtags, single line spacing)",Scheduled
POST-0015,2026-10-02,15:15:00,America/New_York (US EST) / SAST Ready,X / Twitter,SINGLE_TWEET,"If you sit at your desk at 9 AM and ask 'what should I work on today?' you've already lost.

Pre-decide your top 3 needle-movers at 5 PM yesterday. Execution beats deliberation.",,Read the full canonical breakdown: https://medium.com/@jezreelleybag.graphics/the-frictionless-operator-how-high-performers-eliminate-decision-fatigue-2feada7f7678,PASSED (280 character limit validated),"VERIFIED (No orphan hashtags, single line spacing)",Scheduled
POST-0016,2026-10-02,20:00:00,America/New_York (US EST) / SAST Ready,X / Twitter,SINGLE_TWEET,"If you sit at your desk at 9 AM and ask 'what should I work on today?' you've already lost.

Pre-decide your top 3 needle-movers at 5 PM yesterday. Execution beats deliberation.",,Read the full canonical breakdown: https://medium.com/@jezreelleybag.graphics/the-frictionless-operator-how-high-performers-eliminate-decision-fatigue-2feada7f7678,PASSED (280 character limit validated),"VERIFIED (No orphan hashtags, single line spacing)",Scheduled
POST-0017,2026-10-03,08:15:00,America/New_York (US EST) / SAST Ready,LinkedIn,LONGFORM,Burnout isn't caused by working 12 hours a day. It's caused by making 40 micro-decisions before 10 AM. #Productivity #PersonalGrowth #Leadership #Systems,,Grab the cloneable 1-page Daily Shutdown SOP in Notion: https://content-syndication-portfolio.vercel.app/#operations-os,PASSED (Under 3 lines / 140 chars before truncation),VERIFIED (Canva 4:5 + Color Hex Checked),Scheduled
POST-0018,2026-10-03,12:30:00,America/New_York (US EST) / SAST Ready,LinkedIn,CAROUSEL,Burnout isn't caused by working 12 hours a day. It's caused by making 40 micro-decisions before 10 AM. #Productivity #PersonalGrowth #Leadership #Systems,https://content-syndication-portfolio.vercel.app/assets/2026-10-03_LI_018_CAROUSEL.pdf,Grab the cloneable 1-page Daily Shutdown SOP in Notion: https://content-syndication-portfolio.vercel.app/#operations-os,PASSED (Under 3 lines / 140 chars before truncation),VERIFIED (Canva 4:5 + Color Hex Checked),Scheduled
POST-0019,2026-10-03,11:00:00,America/New_York (US EST) / SAST Ready,Instagram,REEL_9x16,The high-performer's secret to eliminating decision fatigue. Save this for your morning routine. ⚡ #PersonalGrowth #HighPerformance #FocusHabits #DailyRoutine,https://content-syndication-portfolio.vercel.app/assets/2026-10-03_IG_019_REEL_9x16.mp4,Drop 'SOP' below and we'll DM you the Notion template link directly.,PASSED (Mobile safe zones verified 1080x1920),VERIFIED (Audio synced + 15% safe margin),Scheduled
POST-0020,2026-10-03,18:45:00,America/New_York (US EST) / SAST Ready,Instagram,CAROUSEL_4x5,The high-performer's secret to eliminating decision fatigue. Save this for your morning routine. ⚡ #PersonalGrowth #HighPerformance #FocusHabits #DailyRoutine,https://content-syndication-portfolio.vercel.app/assets/2026-10-03_IG_020_CAROUSEL_4x5.jpg,Drop 'SOP' below and we'll DM you the Notion template link directly.,PASSED (Mobile safe zones verified 1080x1920),VERIFIED (Audio synced + 15% safe margin),Scheduled
POST-0021,2026-10-03,14:00:00,America/New_York (US EST) / SAST Ready,YouTube,SHORTS_9x16,Cognitive Load vs. Time Management: Stop Burning 30% of Your Focus Before Noon. Full guide in description.,https://content-syndication-portfolio.vercel.app/assets/2026-10-03_YT_021_SHORTS_9x16.mp4,Pinned: Download the free Notion Operator Checklist: https://content-syndication-portfolio.vercel.app/#operations-os,PASSED (First 5 seconds retention beat confirmed),VERIFIED (Thumbnail 1280x720 + High Contrast Title),Scheduled
POST-0022,2026-10-03,09:00:00,America/New_York (US EST) / SAST Ready,X / Twitter,SINGLE_TWEET,"If you sit at your desk at 9 AM and ask 'what should I work on today?' you've already lost.

Pre-decide your top 3 needle-movers at 5 PM yesterday. Execution beats deliberation.",,Read the full canonical breakdown: https://medium.com/@jezreelleybag.graphics/the-frictionless-operator-how-high-performers-eliminate-decision-fatigue-2feada7f7678,PASSED (280 character limit validated),"VERIFIED (No orphan hashtags, single line spacing)",Scheduled
POST-0023,2026-10-03,15:15:00,America/New_York (US EST) / SAST Ready,X / Twitter,SINGLE_TWEET,"If you sit at your desk at 9 AM and ask 'what should I work on today?' you've already lost.

Pre-decide your top 3 needle-movers at 5 PM yesterday. Execution beats deliberation.",,Read the full canonical breakdown: https://medium.com/@jezreelleybag.graphics/the-frictionless-operator-how-high-performers-eliminate-decision-fatigue-2feada7f7678,PASSED (280 character limit validated),"VERIFIED (No orphan hashtags, single line spacing)",Scheduled
POST-0024,2026-10-03,20:00:00,America/New_York (US EST) / SAST Ready,X / Twitter,SINGLE_TWEET,"If you sit at your desk at 9 AM and ask 'what should I work on today?' you've already lost.

Pre-decide your top 3 needle-movers at 5 PM yesterday. Execution beats deliberation.",,Read the full canonical breakdown: https://medium.com/@jezreelleybag.graphics/the-frictionless-operator-how-high-performers-eliminate-decision-fatigue-2feada7f7678,PASSED (280 character limit validated),"VERIFIED (No orphan hashtags, single line spacing)",Scheduled
POST-0025,2026-10-04,08:15:00,America/New_York (US EST) / SAST Ready,LinkedIn,LONGFORM,Burnout isn't caused by working 12 hours a day. It's caused by making 40 micro-decisions before 10 AM. #Productivity #PersonalGrowth #Leadership #Systems,,Grab the cloneable 1-page Daily Shutdown SOP in Notion: https://content-syndication-portfolio.vercel.app/#operations-os,PASSED (Under 3 lines / 140 chars before truncation),VERIFIED (Canva 4:5 + Color Hex Checked),Scheduled
POST-0026,2026-10-04,12:30:00,America/New_York (US EST) / SAST Ready,LinkedIn,CAROUSEL,Burnout isn't caused by working 12 hours a day. It's caused by making 40 micro-decisions before 10 AM. #Productivity #PersonalGrowth #Leadership #Systems,https://content-syndication-portfolio.vercel.app/assets/2026-10-04_LI_026_CAROUSEL.pdf,Grab the cloneable 1-page Daily Shutdown SOP in Notion: https://content-syndication-portfolio.vercel.app/#operations-os,PASSED (Under 3 lines / 140 chars before truncation),VERIFIED (Canva 4:5 + Color Hex Checked),Scheduled
POST-0027,2026-10-04,11:00:00,America/New_York (US EST) / SAST Ready,Instagram,REEL_9x16,The high-performer's secret to eliminating decision fatigue. Save this for your morning routine. ⚡ #PersonalGrowth #HighPerformance #FocusHabits #DailyRoutine,https://content-syndication-portfolio.vercel.app/assets/2026-10-04_IG_027_REEL_9x16.mp4,Drop 'SOP' below and we'll DM you the Notion template link directly.,PASSED (Mobile safe zones verified 1080x1920),VERIFIED (Audio synced + 15% safe margin),Scheduled
POST-0028,2026-10-04,18:45:00,America/New_York (US EST) / SAST Ready,Instagram,CAROUSEL_4x5,The high-performer's secret to eliminating decision fatigue. Save this for your morning routine. ⚡ #PersonalGrowth #HighPerformance #FocusHabits #DailyRoutine,https://content-syndication-portfolio.vercel.app/assets/2026-10-04_IG_028_CAROUSEL_4x5.jpg,Drop 'SOP' below and we'll DM you the Notion template link directly.,PASSED (Mobile safe zones verified 1080x1920),VERIFIED (Audio synced + 15% safe margin),Scheduled
POST-0029,2026-10-04,14:00:00,America/New_York (US EST) / SAST Ready,YouTube,PILLAR_16x9,SOP Your Life: 3 Frameworks: Stop Burning 30% of Your Focus Before Noon. Full guide in description.,https://content-syndication-portfolio.vercel.app/assets/2026-10-04_YT_029_PILLAR_16x9.mp4,Pinned: Download the free Notion Operator Checklist: https://content-syndication-portfolio.vercel.app/#operations-os,PASSED (First 5 seconds retention beat confirmed),VERIFIED (Thumbnail 1280x720 + High Contrast Title),Scheduled
POST-0030,2026-10-04,09:00:00,America/New_York (US EST) / SAST Ready,X / Twitter,SINGLE_TWEET,"If you sit at your desk at 9 AM and ask 'what should I work on today?' you've already lost.

Pre-decide your top 3 needle-movers at 5 PM yesterday. Execution beats deliberation.",,Read the full canonical breakdown: https://medium.com/@jezreelleybag.graphics/the-frictionless-operator-how-high-performers-eliminate-decision-fatigue-2feada7f7678,PASSED (280 character limit validated),"VERIFIED (No orphan hashtags, single line spacing)",Scheduled
POST-0031,2026-10-04,15:15:00,America/New_York (US EST) / SAST Ready,X / Twitter,SINGLE_TWEET,"If you sit at your desk at 9 AM and ask 'what should I work on today?' you've already lost.

Pre-decide your top 3 needle-movers at 5 PM yesterday. Execution beats deliberation.",,Read the full canonical breakdown: https://medium.com/@jezreelleybag.graphics/the-frictionless-operator-how-high-performers-eliminate-decision-fatigue-2feada7f7678,PASSED (280 character limit validated),"VERIFIED (No orphan hashtags, single line spacing)",Scheduled
POST-0032,2026-10-04,20:00:00,America/New_York (US EST) / SAST Ready,X / Twitter,SINGLE_TWEET,"If you sit at your desk at 9 AM and ask 'what should I work on today?' you've already lost.

Pre-decide your top 3 needle-movers at 5 PM yesterday. Execution beats deliberation.",,Read the full canonical breakdown: https://medium.com/@jezreelleybag.graphics/the-frictionless-operator-how-high-performers-eliminate-decision-fatigue-2feada7f7678,PASSED (280 character limit validated),"VERIFIED (No orphan hashtags, single line spacing)",Scheduled
POST-0033,2026-10-05,08:15:00,America/New_York (US EST) / SAST Ready,LinkedIn,LONGFORM,Burnout isn't caused by working 12 hours a day. It's caused by making 40 micro-decisions before 10 AM. #Productivity #PersonalGrowth #Leadership #Systems,,Grab the cloneable 1-page Daily Shutdown SOP in Notion: https://content-syndication-portfolio.vercel.app/#operations-os,PASSED (Under 3 lines / 140 chars before truncation),VERIFIED (Canva 4:5 + Color Hex Checked),Scheduled
POST-0034,2026-10-05,12:30:00,America/New_York (US EST) / SAST Ready,LinkedIn,CAROUSEL,Burnout isn't caused by working 12 hours a day. It's caused by making 40 micro-decisions before 10 AM. #Productivity #PersonalGrowth #Leadership #Systems,https://content-syndication-portfolio.vercel.app/assets/2026-10-05_LI_034_CAROUSEL.pdf,Grab the cloneable 1-page Daily Shutdown SOP in Notion: https://content-syndication-portfolio.vercel.app/#operations-os,PASSED (Under 3 lines / 140 chars before truncation),VERIFIED (Canva 4:5 + Color Hex Checked),Scheduled
POST-0035,2026-10-05,11:00:00,America/New_York (US EST) / SAST Ready,Instagram,REEL_9x16,The high-performer's secret to eliminating decision fatigue. Save this for your morning routine. ⚡ #PersonalGrowth #HighPerformance #FocusHabits #DailyRoutine,https://content-syndication-portfolio.vercel.app/assets/2026-10-05_IG_035_REEL_9x16.mp4,Drop 'SOP' below and we'll DM you the Notion template link directly.,PASSED (Mobile safe zones verified 1080x1920),VERIFIED (Audio synced + 15% safe margin),Scheduled
POST-0036,2026-10-05,18:45:00,America/New_York (US EST) / SAST Ready,Instagram,CAROUSEL_4x5,The high-performer's secret to eliminating decision fatigue. Save this for your morning routine. ⚡ #PersonalGrowth #HighPerformance #FocusHabits #DailyRoutine,https://content-syndication-portfolio.vercel.app/assets/2026-10-05_IG_036_CAROUSEL_4x5.jpg,Drop 'SOP' below and we'll DM you the Notion template link directly.,PASSED (Mobile safe zones verified 1080x1920),VERIFIED (Audio synced + 15% safe margin),Scheduled
POST-0037,2026-10-05,14:00:00,America/New_York (US EST) / SAST Ready,YouTube,SHORTS_9x16,Digital Minimalist Toolkit: Stop Burning 30% of Your Focus Before Noon. Full guide in description.,https://content-syndication-portfolio.vercel.app/assets/2026-10-05_YT_037_SHORTS_9x16.mp4,Pinned: Download the free Notion Operator Checklist: https://content-syndication-portfolio.vercel.app/#operations-os,PASSED (First 5 seconds retention beat confirmed),VERIFIED (Thumbnail 1280x720 + High Contrast Title),Scheduled
POST-0038,2026-10-05,09:00:00,America/New_York (US EST) / SAST Ready,X / Twitter,SINGLE_TWEET,"If you sit at your desk at 9 AM and ask 'what should I work on today?' you've already lost.

Pre-decide your top 3 needle-movers at 5 PM yesterday. Execution beats deliberation.",,Read the full canonical breakdown: https://medium.com/@jezreelleybag.graphics/the-frictionless-operator-how-high-performers-eliminate-decision-fatigue-2feada7f7678,PASSED (280 character limit validated),"VERIFIED (No orphan hashtags, single line spacing)",Scheduled
POST-0039,2026-10-05,15:15:00,America/New_York (US EST) / SAST Ready,X / Twitter,SINGLE_TWEET,"If you sit at your desk at 9 AM and ask 'what should I work on today?' you've already lost.

Pre-decide your top 3 needle-movers at 5 PM yesterday. Execution beats deliberation.",,Read the full canonical breakdown: https://medium.com/@jezreelleybag.graphics/the-frictionless-operator-how-high-performers-eliminate-decision-fatigue-2feada7f7678,PASSED (280 character limit validated),"VERIFIED (No orphan hashtags, single line spacing)",Scheduled
POST-0040,2026-10-05,20:00:00,America/New_York (US EST) / SAST Ready,X / Twitter,SINGLE_TWEET,"If you sit at your desk at 9 AM and ask 'what should I work on today?' you've already lost.

Pre-decide your top 3 needle-movers at 5 PM yesterday. Execution beats deliberation.",,Read the full canonical breakdown: https://medium.com/@jezreelleybag.graphics/the-frictionless-operator-how-high-performers-eliminate-decision-fatigue-2feada7f7678,PASSED (280 character limit validated),"VERIFIED (No orphan hashtags, single line spacing)",Scheduled
POST-0041,2026-10-06,08:15:00,America/New_York (US EST) / SAST Ready,LinkedIn,LONGFORM,Burnout isn't caused by working 12 hours a day. It's caused by making 40 micro-decisions before 10 AM. #Productivity #PersonalGrowth #Leadership #Systems,,Grab the cloneable 1-page Daily Shutdown SOP in Notion: https://content-syndication-portfolio.vercel.app/#operations-os,PASSED (Under 3 lines / 140 chars before truncation),VERIFIED (Canva 4:5 + Color Hex Checked),Scheduled
POST-0042,2026-10-06,12:30:00,America/New_York (US EST) / SAST Ready,LinkedIn,CAROUSEL,Burnout isn't caused by working 12 hours a day. It's caused by making 40 micro-decisions before 10 AM. #Productivity #PersonalGrowth #Leadership #Systems,https://content-syndication-portfolio.vercel.app/assets/2026-10-06_LI_042_CAROUSEL.pdf,Grab the cloneable 1-page Daily Shutdown SOP in Notion: https://content-syndication-portfolio.vercel.app/#operations-os,PASSED (Under 3 lines / 140 chars before truncation),VERIFIED (Canva 4:5 + Color Hex Checked),Scheduled
POST-0043,2026-10-06,11:00:00,America/New_York (US EST) / SAST Ready,Instagram,REEL_9x16,The high-performer's secret to eliminating decision fatigue. Save this for your morning routine. ⚡ #PersonalGrowth #HighPerformance #FocusHabits #DailyRoutine,https://content-syndication-portfolio.vercel.app/assets/2026-10-06_IG_043_REEL_9x16.mp4,Drop 'SOP' below and we'll DM you the Notion template link directly.,PASSED (Mobile safe zones verified 1080x1920),VERIFIED (Audio synced + 15% safe margin),Scheduled
POST-0044,2026-10-06,18:45:00,America/New_York (US EST) / SAST Ready,Instagram,CAROUSEL_4x5,The high-performer's secret to eliminating decision fatigue. Save this for your morning routine. ⚡ #PersonalGrowth #HighPerformance #FocusHabits #DailyRoutine,https://content-syndication-portfolio.vercel.app/assets/2026-10-06_IG_044_CAROUSEL_4x5.jpg,Drop 'SOP' below and we'll DM you the Notion template link directly.,PASSED (Mobile safe zones verified 1080x1920),VERIFIED (Audio synced + 15% safe margin),Scheduled
POST-0045,2026-10-06,14:00:00,America/New_York (US EST) / SAST Ready,YouTube,SHORTS_9x16,"Why Motivation Fails, Systems Win: Stop Burning 30% of Your Focus Before Noon. Full guide in description.",https://content-syndication-portfolio.vercel.app/assets/2026-10-06_YT_045_SHORTS_9x16.mp4,Pinned: Download the free Notion Operator Checklist: https://content-syndication-portfolio.vercel.app/#operations-os,PASSED (First 5 seconds retention beat confirmed),VERIFIED (Thumbnail 1280x720 + High Contrast Title),Scheduled
POST-0046,2026-10-06,09:00:00,America/New_York (US EST) / SAST Ready,X / Twitter,THREAD,"If you sit at your desk at 9 AM and ask 'what should I work on today?' you've already lost.

Pre-decide your top 3 needle-movers at 5 PM yesterday. Execution beats deliberation.",,Read the full canonical breakdown: https://medium.com/@jezreelleybag.graphics/the-frictionless-operator-how-high-performers-eliminate-decision-fatigue-2feada7f7678,PASSED (280 character limit validated),"VERIFIED (No orphan hashtags, single line spacing)",Scheduled
POST-0047,2026-10-06,15:15:00,America/New_York (US EST) / SAST Ready,X / Twitter,SINGLE_TWEET,"If you sit at your desk at 9 AM and ask 'what should I work on today?' you've already lost.

Pre-decide your top 3 needle-movers at 5 PM yesterday. Execution beats deliberation.",,Read the full canonical breakdown: https://medium.com/@jezreelleybag.graphics/the-frictionless-operator-how-high-performers-eliminate-decision-fatigue-2feada7f7678,PASSED (280 character limit validated),"VERIFIED (No orphan hashtags, single line spacing)",Scheduled
POST-0048,2026-10-06,20:00:00,America/New_York (US EST) / SAST Ready,X / Twitter,SINGLE_TWEET,"If you sit at your desk at 9 AM and ask 'what should I work on today?' you've already lost.

Pre-decide your top 3 needle-movers at 5 PM yesterday. Execution beats deliberation.",,Read the full canonical breakdown: https://medium.com/@jezreelleybag.graphics/the-frictionless-operator-how-high-performers-eliminate-decision-fatigue-2feada7f7678,PASSED (280 character limit validated),"VERIFIED (No orphan hashtags, single line spacing)",Scheduled
POST-0049,2026-10-07,08:15:00,America/New_York (US EST) / SAST Ready,LinkedIn,LONGFORM,Burnout isn't caused by working 12 hours a day. It's caused by making 40 micro-decisions before 10 AM. #Productivity #PersonalGrowth #Leadership #Systems,,Grab the cloneable 1-page Daily Shutdown SOP in Notion: https://content-syndication-portfolio.vercel.app/#operations-os,PASSED (Under 3 lines / 140 chars before truncation),VERIFIED (Canva 4:5 + Color Hex Checked),Scheduled
POST-0050,2026-10-07,12:30:00,America/New_York (US EST) / SAST Ready,LinkedIn,CAROUSEL,Burnout isn't caused by working 12 hours a day. It's caused by making 40 micro-decisions before 10 AM. #Productivity #PersonalGrowth #Leadership #Systems,https://content-syndication-portfolio.vercel.app/assets/2026-10-07_LI_050_CAROUSEL.pdf,Grab the cloneable 1-page Daily Shutdown SOP in Notion: https://content-syndication-portfolio.vercel.app/#operations-os,PASSED (Under 3 lines / 140 chars before truncation),VERIFIED (Canva 4:5 + Color Hex Checked),Scheduled
POST-0051,2026-10-07,11:00:00,America/New_York (US EST) / SAST Ready,Instagram,REEL_9x16,The high-performer's secret to eliminating decision fatigue. Save this for your morning routine. ⚡ #PersonalGrowth #HighPerformance #FocusHabits #DailyRoutine,https://content-syndication-portfolio.vercel.app/assets/2026-10-07_IG_051_REEL_9x16.mp4,Drop 'SOP' below and we'll DM you the Notion template link directly.,PASSED (Mobile safe zones verified 1080x1920),VERIFIED (Audio synced + 15% safe margin),Scheduled
POST-0052,2026-10-07,18:45:00,America/New_York (US EST) / SAST Ready,Instagram,CAROUSEL_4x5,The high-performer's secret to eliminating decision fatigue. Save this for your morning routine. ⚡ #PersonalGrowth #HighPerformance #FocusHabits #DailyRoutine,https://content-syndication-portfolio.vercel.app/assets/2026-10-07_IG_052_CAROUSEL_4x5.jpg,Drop 'SOP' below and we'll DM you the Notion template link directly.,PASSED (Mobile safe zones verified 1080x1920),VERIFIED (Audio synced + 15% safe margin),Scheduled
POST-0053,2026-10-07,14:00:00,America/New_York (US EST) / SAST Ready,YouTube,SHORTS_9x16,The 2-Minute Task Rule in Action: Stop Burning 30% of Your Focus Before Noon. Full guide in description.,https://content-syndication-portfolio.vercel.app/assets/2026-10-07_YT_053_SHORTS_9x16.mp4,Pinned: Download the free Notion Operator Checklist: https://content-syndication-portfolio.vercel.app/#operations-os,PASSED (First 5 seconds retention beat confirmed),VERIFIED (Thumbnail 1280x720 + High Contrast Title),Scheduled
POST-0054,2026-10-07,09:00:00,America/New_York (US EST) / SAST Ready,X / Twitter,SINGLE_TWEET,"If you sit at your desk at 9 AM and ask 'what should I work on today?' you've already lost.

Pre-decide your top 3 needle-movers at 5 PM yesterday. Execution beats deliberation.",,Read the full canonical breakdown: https://medium.com/@jezreelleybag.graphics/the-frictionless-operator-how-high-performers-eliminate-decision-fatigue-2feada7f7678,PASSED (280 character limit validated),"VERIFIED (No orphan hashtags, single line spacing)",Scheduled
POST-0055,2026-10-07,15:15:00,America/New_York (US EST) / SAST Ready,X / Twitter,SINGLE_TWEET,"If you sit at your desk at 9 AM and ask 'what should I work on today?' you've already lost.

Pre-decide your top 3 needle-movers at 5 PM yesterday. Execution beats deliberation.",,Read the full canonical breakdown: https://medium.com/@jezreelleybag.graphics/the-frictionless-operator-how-high-performers-eliminate-decision-fatigue-2feada7f7678,PASSED (280 character limit validated),"VERIFIED (No orphan hashtags, single line spacing)",Scheduled
POST-0056,2026-10-07,20:00:00,America/New_York (US EST) / SAST Ready,X / Twitter,SINGLE_TWEET,"If you sit at your desk at 9 AM and ask 'what should I work on today?' you've already lost.

Pre-decide your top 3 needle-movers at 5 PM yesterday. Execution beats deliberation.",,Read the full canonical breakdown: https://medium.com/@jezreelleybag.graphics/the-frictionless-operator-how-high-performers-eliminate-decision-fatigue-2feada7f7678,PASSED (280 character limit validated),"VERIFIED (No orphan hashtags, single line spacing)",Scheduled
POST-0057,2026-10-08,08:15:00,America/New_York (US EST) / SAST Ready,LinkedIn,LONGFORM,Burnout isn't caused by working 12 hours a day. It's caused by making 40 micro-decisions before 10 AM. #Productivity #PersonalGrowth #Leadership #Systems,,Grab the cloneable 1-page Daily Shutdown SOP in Notion: https://content-syndication-portfolio.vercel.app/#operations-os,PASSED (Under 3 lines / 140 chars before truncation),VERIFIED (Canva 4:5 + Color Hex Checked),Scheduled
POST-0058,2026-10-08,12:30:00,America/New_York (US EST) / SAST Ready,LinkedIn,CAROUSEL,Burnout isn't caused by working 12 hours a day. It's caused by making 40 micro-decisions before 10 AM. #Productivity #PersonalGrowth #Leadership #Systems,https://content-syndication-portfolio.vercel.app/assets/2026-10-08_LI_058_CAROUSEL.pdf,Grab the cloneable 1-page Daily Shutdown SOP in Notion: https://content-syndication-portfolio.vercel.app/#operations-os,PASSED (Under 3 lines / 140 chars before truncation),VERIFIED (Canva 4:5 + Color Hex Checked),Scheduled
POST-0059,2026-10-08,11:00:00,America/New_York (US EST) / SAST Ready,Instagram,REEL_9x16,The high-performer's secret to eliminating decision fatigue. Save this for your morning routine. ⚡ #PersonalGrowth #HighPerformance #FocusHabits #DailyRoutine,https://content-syndication-portfolio.vercel.app/assets/2026-10-08_IG_059_REEL_9x16.mp4,Drop 'SOP' below and we'll DM you the Notion template link directly.,PASSED (Mobile safe zones verified 1080x1920),VERIFIED (Audio synced + 15% safe margin),Scheduled
POST-0060,2026-10-08,18:45:00,America/New_York (US EST) / SAST Ready,Instagram,CAROUSEL_4x5,The high-performer's secret to eliminating decision fatigue. Save this for your morning routine. ⚡ #PersonalGrowth #HighPerformance #FocusHabits #DailyRoutine,https://content-syndication-portfolio.vercel.app/assets/2026-10-08_IG_060_CAROUSEL_4x5.jpg,Drop 'SOP' below and we'll DM you the Notion template link directly.,PASSED (Mobile safe zones verified 1080x1920),VERIFIED (Audio synced + 15% safe margin),Scheduled
POST-0061,2026-10-08,14:00:00,America/New_York (US EST) / SAST Ready,YouTube,SHORTS_9x16,The Frictionless Operator: Stop Burning 30% of Your Focus Before Noon. Full guide in description.,https://content-syndication-portfolio.vercel.app/assets/2026-10-08_YT_061_SHORTS_9x16.mp4,Pinned: Download the free Notion Operator Checklist: https://content-syndication-portfolio.vercel.app/#operations-os,PASSED (First 5 seconds retention beat confirmed),VERIFIED (Thumbnail 1280x720 + High Contrast Title),Scheduled
POST-0062,2026-10-08,09:00:00,America/New_York (US EST) / SAST Ready,X / Twitter,THREAD,"If you sit at your desk at 9 AM and ask 'what should I work on today?' you've already lost.

Pre-decide your top 3 needle-movers at 5 PM yesterday. Execution beats deliberation.",,Read the full canonical breakdown: https://medium.com/@jezreelleybag.graphics/the-frictionless-operator-how-high-performers-eliminate-decision-fatigue-2feada7f7678,PASSED (280 character limit validated),"VERIFIED (No orphan hashtags, single line spacing)",Scheduled
POST-0063,2026-10-08,15:15:00,America/New_York (US EST) / SAST Ready,X / Twitter,SINGLE_TWEET,"If you sit at your desk at 9 AM and ask 'what should I work on today?' you've already lost.

Pre-decide your top 3 needle-movers at 5 PM yesterday. Execution beats deliberation.",,Read the full canonical breakdown: https://medium.com/@jezreelleybag.graphics/the-frictionless-operator-how-high-performers-eliminate-decision-fatigue-2feada7f7678,PASSED (280 character limit validated),"VERIFIED (No orphan hashtags, single line spacing)",Scheduled
POST-0064,2026-10-08,20:00:00,America/New_York (US EST) / SAST Ready,X / Twitter,SINGLE_TWEET,"If you sit at your desk at 9 AM and ask 'what should I work on today?' you've already lost.

Pre-decide your top 3 needle-movers at 5 PM yesterday. Execution beats deliberation.",,Read the full canonical breakdown: https://medium.com/@jezreelleybag.graphics/the-frictionless-operator-how-high-performers-eliminate-decision-fatigue-2feada7f7678,PASSED (280 character limit validated),"VERIFIED (No orphan hashtags, single line spacing)",Scheduled
POST-0065,2026-10-09,08:15:00,America/New_York (US EST) / SAST Ready,LinkedIn,LONGFORM,Burnout isn't caused by working 12 hours a day. It's caused by making 40 micro-decisions before 10 AM. #Productivity #PersonalGrowth #Leadership #Systems,,Grab the cloneable 1-page Daily Shutdown SOP in Notion: https://content-syndication-portfolio.vercel.app/#operations-os,PASSED (Under 3 lines / 140 chars before truncation),VERIFIED (Canva 4:5 + Color Hex Checked),Scheduled
POST-0066,2026-10-09,12:30:00,America/New_York (US EST) / SAST Ready,LinkedIn,CAROUSEL,Burnout isn't caused by working 12 hours a day. It's caused by making 40 micro-decisions before 10 AM. #Productivity #PersonalGrowth #Leadership #Systems,https://content-syndication-portfolio.vercel.app/assets/2026-10-09_LI_066_CAROUSEL.pdf,Grab the cloneable 1-page Daily Shutdown SOP in Notion: https://content-syndication-portfolio.vercel.app/#operations-os,PASSED (Under 3 lines / 140 chars before truncation),VERIFIED (Canva 4:5 + Color Hex Checked),Scheduled
POST-0067,2026-10-09,11:00:00,America/New_York (US EST) / SAST Ready,Instagram,REEL_9x16,The high-performer's secret to eliminating decision fatigue. Save this for your morning routine. ⚡ #PersonalGrowth #HighPerformance #FocusHabits #DailyRoutine,https://content-syndication-portfolio.vercel.app/assets/2026-10-09_IG_067_REEL_9x16.mp4,Drop 'SOP' below and we'll DM you the Notion template link directly.,PASSED (Mobile safe zones verified 1080x1920),VERIFIED (Audio synced + 15% safe margin),Scheduled
POST-0068,2026-10-09,18:45:00,America/New_York (US EST) / SAST Ready,Instagram,CAROUSEL_4x5,The high-performer's secret to eliminating decision fatigue. Save this for your morning routine. ⚡ #PersonalGrowth #HighPerformance #FocusHabits #DailyRoutine,https://content-syndication-portfolio.vercel.app/assets/2026-10-09_IG_068_CAROUSEL_4x5.jpg,Drop 'SOP' below and we'll DM you the Notion template link directly.,PASSED (Mobile safe zones verified 1080x1920),VERIFIED (Audio synced + 15% safe margin),Scheduled
POST-0069,2026-10-09,14:00:00,America/New_York (US EST) / SAST Ready,YouTube,SHORTS_9x16,The 5 PM Shutdown Protocol: Stop Burning 30% of Your Focus Before Noon. Full guide in description.,https://content-syndication-portfolio.vercel.app/assets/2026-10-09_YT_069_SHORTS_9x16.mp4,Pinned: Download the free Notion Operator Checklist: https://content-syndication-portfolio.vercel.app/#operations-os,PASSED (First 5 seconds retention beat confirmed),VERIFIED (Thumbnail 1280x720 + High Contrast Title),Scheduled
POST-0070,2026-10-09,09:00:00,America/New_York (US EST) / SAST Ready,X / Twitter,SINGLE_TWEET,"If you sit at your desk at 9 AM and ask 'what should I work on today?' you've already lost.

Pre-decide your top 3 needle-movers at 5 PM yesterday. Execution beats deliberation.",,Read the full canonical breakdown: https://medium.com/@jezreelleybag.graphics/the-frictionless-operator-how-high-performers-eliminate-decision-fatigue-2feada7f7678,PASSED (280 character limit validated),"VERIFIED (No orphan hashtags, single line spacing)",Scheduled
POST-0071,2026-10-09,15:15:00,America/New_York (US EST) / SAST Ready,X / Twitter,SINGLE_TWEET,"If you sit at your desk at 9 AM and ask 'what should I work on today?' you've already lost.

Pre-decide your top 3 needle-movers at 5 PM yesterday. Execution beats deliberation.",,Read the full canonical breakdown: https://medium.com/@jezreelleybag.graphics/the-frictionless-operator-how-high-performers-eliminate-decision-fatigue-2feada7f7678,PASSED (280 character limit validated),"VERIFIED (No orphan hashtags, single line spacing)",Scheduled
POST-0072,2026-10-09,20:00:00,America/New_York (US EST) / SAST Ready,X / Twitter,SINGLE_TWEET,"If you sit at your desk at 9 AM and ask 'what should I work on today?' you've already lost.

Pre-decide your top 3 needle-movers at 5 PM yesterday. Execution beats deliberation.",,Read the full canonical breakdown: https://medium.com/@jezreelleybag.graphics/the-frictionless-operator-how-high-performers-eliminate-decision-fatigue-2feada7f7678,PASSED (280 character limit validated),"VERIFIED (No orphan hashtags, single line spacing)",Scheduled
POST-0073,2026-10-10,08:15:00,America/New_York (US EST) / SAST Ready,LinkedIn,LONGFORM,Burnout isn't caused by working 12 hours a day. It's caused by making 40 micro-decisions before 10 AM. #Productivity #PersonalGrowth #Leadership #Systems,,Grab the cloneable 1-page Daily Shutdown SOP in Notion: https://content-syndication-portfolio.vercel.app/#operations-os,PASSED (Under 3 lines / 140 chars before truncation),VERIFIED (Canva 4:5 + Color Hex Checked),Scheduled
POST-0074,2026-10-10,12:30:00,America/New_York (US EST) / SAST Ready,LinkedIn,CAROUSEL,Burnout isn't caused by working 12 hours a day. It's caused by making 40 micro-decisions before 10 AM. #Productivity #PersonalGrowth #Leadership #Systems,https://content-syndication-portfolio.vercel.app/assets/2026-10-10_LI_074_CAROUSEL.pdf,Grab the cloneable 1-page Daily Shutdown SOP in Notion: https://content-syndication-portfolio.vercel.app/#operations-os,PASSED (Under 3 lines / 140 chars before truncation),VERIFIED (Canva 4:5 + Color Hex Checked),Scheduled
POST-0075,2026-10-10,11:00:00,America/New_York (US EST) / SAST Ready,Instagram,REEL_9x16,The high-performer's secret to eliminating decision fatigue. Save this for your morning routine. ⚡ #PersonalGrowth #HighPerformance #FocusHabits #DailyRoutine,https://content-syndication-portfolio.vercel.app/assets/2026-10-10_IG_075_REEL_9x16.mp4,Drop 'SOP' below and we'll DM you the Notion template link directly.,PASSED (Mobile safe zones verified 1080x1920),VERIFIED (Audio synced + 15% safe margin),Scheduled
POST-0076,2026-10-10,18:45:00,America/New_York (US EST) / SAST Ready,Instagram,CAROUSEL_4x5,The high-performer's secret to eliminating decision fatigue. Save this for your morning routine. ⚡ #PersonalGrowth #HighPerformance #FocusHabits #DailyRoutine,https://content-syndication-portfolio.vercel.app/assets/2026-10-10_IG_076_CAROUSEL_4x5.jpg,Drop 'SOP' below and we'll DM you the Notion template link directly.,PASSED (Mobile safe zones verified 1080x1920),VERIFIED (Audio synced + 15% safe margin),Scheduled
POST-0077,2026-10-10,14:00:00,America/New_York (US EST) / SAST Ready,YouTube,SHORTS_9x16,Cognitive Load vs. Time Management: Stop Burning 30% of Your Focus Before Noon. Full guide in description.,https://content-syndication-portfolio.vercel.app/assets/2026-10-10_YT_077_SHORTS_9x16.mp4,Pinned: Download the free Notion Operator Checklist: https://content-syndication-portfolio.vercel.app/#operations-os,PASSED (First 5 seconds retention beat confirmed),VERIFIED (Thumbnail 1280x720 + High Contrast Title),Scheduled
POST-0078,2026-10-10,09:00:00,America/New_York (US EST) / SAST Ready,X / Twitter,SINGLE_TWEET,"If you sit at your desk at 9 AM and ask 'what should I work on today?' you've already lost.

Pre-decide your top 3 needle-movers at 5 PM yesterday. Execution beats deliberation.",,Read the full canonical breakdown: https://medium.com/@jezreelleybag.graphics/the-frictionless-operator-how-high-performers-eliminate-decision-fatigue-2feada7f7678,PASSED (280 character limit validated),"VERIFIED (No orphan hashtags, single line spacing)",Scheduled
POST-0079,2026-10-10,15:15:00,America/New_York (US EST) / SAST Ready,X / Twitter,SINGLE_TWEET,"If you sit at your desk at 9 AM and ask 'what should I work on today?' you've already lost.

Pre-decide your top 3 needle-movers at 5 PM yesterday. Execution beats deliberation.",,Read the full canonical breakdown: https://medium.com/@jezreelleybag.graphics/the-frictionless-operator-how-high-performers-eliminate-decision-fatigue-2feada7f7678,PASSED (280 character limit validated),"VERIFIED (No orphan hashtags, single line spacing)",Scheduled
POST-0080,2026-10-10,20:00:00,America/New_York (US EST) / SAST Ready,X / Twitter,SINGLE_TWEET,"If you sit at your desk at 9 AM and ask 'what should I work on today?' you've already lost.

Pre-decide your top 3 needle-movers at 5 PM yesterday. Execution beats deliberation.",,Read the full canonical breakdown: https://medium.com/@jezreelleybag.graphics/the-frictionless-operator-how-high-performers-eliminate-decision-fatigue-2feada7f7678,PASSED (280 character limit validated),"VERIFIED (No orphan hashtags, single line spacing)",Scheduled
POST-0081,2026-10-11,08:15:00,America/New_York (US EST) / SAST Ready,LinkedIn,LONGFORM,Burnout isn't caused by working 12 hours a day. It's caused by making 40 micro-decisions before 10 AM. #Productivity #PersonalGrowth #Leadership #Systems,,Grab the cloneable 1-page Daily Shutdown SOP in Notion: https://content-syndication-portfolio.vercel.app/#operations-os,PASSED (Under 3 lines / 140 chars before truncation),VERIFIED (Canva 4:5 + Color Hex Checked),Scheduled
POST-0082,2026-10-11,12:30:00,America/New_York (US EST) / SAST Ready,LinkedIn,CAROUSEL,Burnout isn't caused by working 12 hours a day. It's caused by making 40 micro-decisions before 10 AM. #Productivity #PersonalGrowth #Leadership #Systems,https://content-syndication-portfolio.vercel.app/assets/2026-10-11_LI_082_CAROUSEL.pdf,Grab the cloneable 1-page Daily Shutdown SOP in Notion: https://content-syndication-portfolio.vercel.app/#operations-os,PASSED (Under 3 lines / 140 chars before truncation),VERIFIED (Canva 4:5 + Color Hex Checked),Scheduled
POST-0083,2026-10-11,11:00:00,America/New_York (US EST) / SAST Ready,Instagram,REEL_9x16,The high-performer's secret to eliminating decision fatigue. Save this for your morning routine. ⚡ #PersonalGrowth #HighPerformance #FocusHabits #DailyRoutine,https://content-syndication-portfolio.vercel.app/assets/2026-10-11_IG_083_REEL_9x16.mp4,Drop 'SOP' below and we'll DM you the Notion template link directly.,PASSED (Mobile safe zones verified 1080x1920),VERIFIED (Audio synced + 15% safe margin),Scheduled
POST-0084,2026-10-11,18:45:00,America/New_York (US EST) / SAST Ready,Instagram,CAROUSEL_4x5,The high-performer's secret to eliminating decision fatigue. Save this for your morning routine. ⚡ #PersonalGrowth #HighPerformance #FocusHabits #DailyRoutine,https://content-syndication-portfolio.vercel.app/assets/2026-10-11_IG_084_CAROUSEL_4x5.jpg,Drop 'SOP' below and we'll DM you the Notion template link directly.,PASSED (Mobile safe zones verified 1080x1920),VERIFIED (Audio synced + 15% safe margin),Scheduled
POST-0085,2026-10-11,14:00:00,America/New_York (US EST) / SAST Ready,YouTube,PILLAR_16x9,SOP Your Life: 3 Frameworks: Stop Burning 30% of Your Focus Before Noon. Full guide in description.,https://content-syndication-portfolio.vercel.app/assets/2026-10-11_YT_085_PILLAR_16x9.mp4,Pinned: Download the free Notion Operator Checklist: https://content-syndication-portfolio.vercel.app/#operations-os,PASSED (First 5 seconds retention beat confirmed),VERIFIED (Thumbnail 1280x720 + High Contrast Title),Scheduled
POST-0086,2026-10-11,09:00:00,America/New_York (US EST) / SAST Ready,X / Twitter,SINGLE_TWEET,"If you sit at your desk at 9 AM and ask 'what should I work on today?' you've already lost.

Pre-decide your top 3 needle-movers at 5 PM yesterday. Execution beats deliberation.",,Read the full canonical breakdown: https://medium.com/@jezreelleybag.graphics/the-frictionless-operator-how-high-performers-eliminate-decision-fatigue-2feada7f7678,PASSED (280 character limit validated),"VERIFIED (No orphan hashtags, single line spacing)",Scheduled
POST-0087,2026-10-11,15:15:00,America/New_York (US EST) / SAST Ready,X / Twitter,SINGLE_TWEET,"If you sit at your desk at 9 AM and ask 'what should I work on today?' you've already lost.

Pre-decide your top 3 needle-movers at 5 PM yesterday. Execution beats deliberation.",,Read the full canonical breakdown: https://medium.com/@jezreelleybag.graphics/the-frictionless-operator-how-high-performers-eliminate-decision-fatigue-2feada7f7678,PASSED (280 character limit validated),"VERIFIED (No orphan hashtags, single line spacing)",Scheduled
POST-0088,2026-10-11,20:00:00,America/New_York (US EST) / SAST Ready,X / Twitter,SINGLE_TWEET,"If you sit at your desk at 9 AM and ask 'what should I work on today?' you've already lost.

Pre-decide your top 3 needle-movers at 5 PM yesterday. Execution beats deliberation.",,Read the full canonical breakdown: https://medium.com/@jezreelleybag.graphics/the-frictionless-operator-how-high-performers-eliminate-decision-fatigue-2feada7f7678,PASSED (280 character limit validated),"VERIFIED (No orphan hashtags, single line spacing)",Scheduled
POST-0089,2026-10-12,08:15:00,America/New_York (US EST) / SAST Ready,LinkedIn,LONGFORM,Burnout isn't caused by working 12 hours a day. It's caused by making 40 micro-decisions before 10 AM. #Productivity #PersonalGrowth #Leadership #Systems,,Grab the cloneable 1-page Daily Shutdown SOP in Notion: https://content-syndication-portfolio.vercel.app/#operations-os,PASSED (Under 3 lines / 140 chars before truncation),VERIFIED (Canva 4:5 + Color Hex Checked),Scheduled
POST-0090,2026-10-12,12:30:00,America/New_York (US EST) / SAST Ready,LinkedIn,CAROUSEL,Burnout isn't caused by working 12 hours a day. It's caused by making 40 micro-decisions before 10 AM. #Productivity #PersonalGrowth #Leadership #Systems,https://content-syndication-portfolio.vercel.app/assets/2026-10-12_LI_090_CAROUSEL.pdf,Grab the cloneable 1-page Daily Shutdown SOP in Notion: https://content-syndication-portfolio.vercel.app/#operations-os,PASSED (Under 3 lines / 140 chars before truncation),VERIFIED (Canva 4:5 + Color Hex Checked),Scheduled
POST-0091,2026-10-12,11:00:00,America/New_York (US EST) / SAST Ready,Instagram,REEL_9x16,The high-performer's secret to eliminating decision fatigue. Save this for your morning routine. ⚡ #PersonalGrowth #HighPerformance #FocusHabits #DailyRoutine,https://content-syndication-portfolio.vercel.app/assets/2026-10-12_IG_091_REEL_9x16.mp4,Drop 'SOP' below and we'll DM you the Notion template link directly.,PASSED (Mobile safe zones verified 1080x1920),VERIFIED (Audio synced + 15% safe margin),Scheduled
POST-0092,2026-10-12,18:45:00,America/New_York (US EST) / SAST Ready,Instagram,CAROUSEL_4x5,The high-performer's secret to eliminating decision fatigue. Save this for your morning routine. ⚡ #PersonalGrowth #HighPerformance #FocusHabits #DailyRoutine,https://content-syndication-portfolio.vercel.app/assets/2026-10-12_IG_092_CAROUSEL_4x5.jpg,Drop 'SOP' below and we'll DM you the Notion template link directly.,PASSED (Mobile safe zones verified 1080x1920),VERIFIED (Audio synced + 15% safe margin),Scheduled
POST-0093,2026-10-12,14:00:00,America/New_York (US EST) / SAST Ready,YouTube,SHORTS_9x16,Digital Minimalist Toolkit: Stop Burning 30% of Your Focus Before Noon. Full guide in description.,https://content-syndication-portfolio.vercel.app/assets/2026-10-12_YT_093_SHORTS_9x16.mp4,Pinned: Download the free Notion Operator Checklist: https://content-syndication-portfolio.vercel.app/#operations-os,PASSED (First 5 seconds retention beat confirmed),VERIFIED (Thumbnail 1280x720 + High Contrast Title),Scheduled
POST-0094,2026-10-12,09:00:00,America/New_York (US EST) / SAST Ready,X / Twitter,SINGLE_TWEET,"If you sit at your desk at 9 AM and ask 'what should I work on today?' you've already lost.

Pre-decide your top 3 needle-movers at 5 PM yesterday. Execution beats deliberation.",,Read the full canonical breakdown: https://medium.com/@jezreelleybag.graphics/the-frictionless-operator-how-high-performers-eliminate-decision-fatigue-2feada7f7678,PASSED (280 character limit validated),"VERIFIED (No orphan hashtags, single line spacing)",Scheduled
POST-0095,2026-10-12,15:15:00,America/New_York (US EST) / SAST Ready,X / Twitter,SINGLE_TWEET,"If you sit at your desk at 9 AM and ask 'what should I work on today?' you've already lost.

Pre-decide your top 3 needle-movers at 5 PM yesterday. Execution beats deliberation.",,Read the full canonical breakdown: https://medium.com/@jezreelleybag.graphics/the-frictionless-operator-how-high-performers-eliminate-decision-fatigue-2feada7f7678,PASSED (280 character limit validated),"VERIFIED (No orphan hashtags, single line spacing)",Scheduled
POST-0096,2026-10-12,20:00:00,America/New_York (US EST) / SAST Ready,X / Twitter,SINGLE_TWEET,"If you sit at your desk at 9 AM and ask 'what should I work on today?' you've already lost.

Pre-decide your top 3 needle-movers at 5 PM yesterday. Execution beats deliberation.",,Read the full canonical breakdown: https://medium.com/@jezreelleybag.graphics/the-frictionless-operator-how-high-performers-eliminate-decision-fatigue-2feada7f7678,PASSED (280 character limit validated),"VERIFIED (No orphan hashtags, single line spacing)",Scheduled
POST-0097,2026-10-13,08:15:00,America/New_York (US EST) / SAST Ready,LinkedIn,LONGFORM,Burnout isn't caused by working 12 hours a day. It's caused by making 40 micro-decisions before 10 AM. #Productivity #PersonalGrowth #Leadership #Systems,,Grab the cloneable 1-page Daily Shutdown SOP in Notion: https://content-syndication-portfolio.vercel.app/#operations-os,PASSED (Under 3 lines / 140 chars before truncation),VERIFIED (Canva 4:5 + Color Hex Checked),Scheduled
POST-0098,2026-10-13,12:30:00,America/New_York (US EST) / SAST Ready,LinkedIn,CAROUSEL,Burnout isn't caused by working 12 hours a day. It's caused by making 40 micro-decisions before 10 AM. #Productivity #PersonalGrowth #Leadership #Systems,https://content-syndication-portfolio.vercel.app/assets/2026-10-13_LI_098_CAROUSEL.pdf,Grab the cloneable 1-page Daily Shutdown SOP in Notion: https://content-syndication-portfolio.vercel.app/#operations-os,PASSED (Under 3 lines / 140 chars before truncation),VERIFIED (Canva 4:5 + Color Hex Checked),Scheduled
POST-0099,2026-10-13,11:00:00,America/New_York (US EST) / SAST Ready,Instagram,REEL_9x16,The high-performer's secret to eliminating decision fatigue. Save this for your morning routine. ⚡ #PersonalGrowth #HighPerformance #FocusHabits #DailyRoutine,https://content-syndication-portfolio.vercel.app/assets/2026-10-13_IG_099_REEL_9x16.mp4,Drop 'SOP' below and we'll DM you the Notion template link directly.,PASSED (Mobile safe zones verified 1080x1920),VERIFIED (Audio synced + 15% safe margin),Scheduled
POST-0100,2026-10-13,18:45:00,America/New_York (US EST) / SAST Ready,Instagram,CAROUSEL_4x5,The high-performer's secret to eliminating decision fatigue. Save this for your morning routine. ⚡ #PersonalGrowth #HighPerformance #FocusHabits #DailyRoutine,https://content-syndication-portfolio.vercel.app/assets/2026-10-13_IG_100_CAROUSEL_4x5.jpg,Drop 'SOP' below and we'll DM you the Notion template link directly.,PASSED (Mobile safe zones verified 1080x1920),VERIFIED (Audio synced + 15% safe margin),Scheduled
POST-0101,2026-10-13,14:00:00,America/New_York (US EST) / SAST Ready,YouTube,SHORTS_9x16,"Why Motivation Fails, Systems Win: Stop Burning 30% of Your Focus Before Noon. Full guide in description.",https://content-syndication-portfolio.vercel.app/assets/2026-10-13_YT_101_SHORTS_9x16.mp4,Pinned: Download the free Notion Operator Checklist: https://content-syndication-portfolio.vercel.app/#operations-os,PASSED (First 5 seconds retention beat confirmed),VERIFIED (Thumbnail 1280x720 + High Contrast Title),Scheduled
POST-0102,2026-10-13,09:00:00,America/New_York (US EST) / SAST Ready,X / Twitter,THREAD,"If you sit at your desk at 9 AM and ask 'what should I work on today?' you've already lost.

Pre-decide your top 3 needle-movers at 5 PM yesterday. Execution beats deliberation.",,Read the full canonical breakdown: https://medium.com/@jezreelleybag.graphics/the-frictionless-operator-how-high-performers-eliminate-decision-fatigue-2feada7f7678,PASSED (280 character limit validated),"VERIFIED (No orphan hashtags, single line spacing)",Scheduled
POST-0103,2026-10-13,15:15:00,America/New_York (US EST) / SAST Ready,X / Twitter,SINGLE_TWEET,"If you sit at your desk at 9 AM and ask 'what should I work on today?' you've already lost.

Pre-decide your top 3 needle-movers at 5 PM yesterday. Execution beats deliberation.",,Read the full canonical breakdown: https://medium.com/@jezreelleybag.graphics/the-frictionless-operator-how-high-performers-eliminate-decision-fatigue-2feada7f7678,PASSED (280 character limit validated),"VERIFIED (No orphan hashtags, single line spacing)",Scheduled
POST-0104,2026-10-13,20:00:00,America/New_York (US EST) / SAST Ready,X / Twitter,SINGLE_TWEET,"If you sit at your desk at 9 AM and ask 'what should I work on today?' you've already lost.

Pre-decide your top 3 needle-movers at 5 PM yesterday. Execution beats deliberation.",,Read the full canonical breakdown: https://medium.com/@jezreelleybag.graphics/the-frictionless-operator-how-high-performers-eliminate-decision-fatigue-2feada7f7678,PASSED (280 character limit validated),"VERIFIED (No orphan hashtags, single line spacing)",Scheduled
POST-0105,2026-10-14,08:15:00,America/New_York (US EST) / SAST Ready,LinkedIn,LONGFORM,Burnout isn't caused by working 12 hours a day. It's caused by making 40 micro-decisions before 10 AM. #Productivity #PersonalGrowth #Leadership #Systems,,Grab the cloneable 1-page Daily Shutdown SOP in Notion: https://content-syndication-portfolio.vercel.app/#operations-os,PASSED (Under 3 lines / 140 chars before truncation),VERIFIED (Canva 4:5 + Color Hex Checked),Scheduled
POST-0106,2026-10-14,12:30:00,America/New_York (US EST) / SAST Ready,LinkedIn,CAROUSEL,Burnout isn't caused by working 12 hours a day. It's caused by making 40 micro-decisions before 10 AM. #Productivity #PersonalGrowth #Leadership #Systems,https://content-syndication-portfolio.vercel.app/assets/2026-10-14_LI_106_CAROUSEL.pdf,Grab the cloneable 1-page Daily Shutdown SOP in Notion: https://content-syndication-portfolio.vercel.app/#operations-os,PASSED (Under 3 lines / 140 chars before truncation),VERIFIED (Canva 4:5 + Color Hex Checked),Scheduled
POST-0107,2026-10-14,11:00:00,America/New_York (US EST) / SAST Ready,Instagram,REEL_9x16,The high-performer's secret to eliminating decision fatigue. Save this for your morning routine. ⚡ #PersonalGrowth #HighPerformance #FocusHabits #DailyRoutine,https://content-syndication-portfolio.vercel.app/assets/2026-10-14_IG_107_REEL_9x16.mp4,Drop 'SOP' below and we'll DM you the Notion template link directly.,PASSED (Mobile safe zones verified 1080x1920),VERIFIED (Audio synced + 15% safe margin),Scheduled
POST-0108,2026-10-14,18:45:00,America/New_York (US EST) / SAST Ready,Instagram,CAROUSEL_4x5,The high-performer's secret to eliminating decision fatigue. Save this for your morning routine. ⚡ #PersonalGrowth #HighPerformance #FocusHabits #DailyRoutine,https://content-syndication-portfolio.vercel.app/assets/2026-10-14_IG_108_CAROUSEL_4x5.jpg,Drop 'SOP' below and we'll DM you the Notion template link directly.,PASSED (Mobile safe zones verified 1080x1920),VERIFIED (Audio synced + 15% safe margin),Scheduled
POST-0109,2026-10-14,14:00:00,America/New_York (US EST) / SAST Ready,YouTube,SHORTS_9x16,The 2-Minute Task Rule in Action: Stop Burning 30% of Your Focus Before Noon. Full guide in description.,https://content-syndication-portfolio.vercel.app/assets/2026-10-14_YT_109_SHORTS_9x16.mp4,Pinned: Download the free Notion Operator Checklist: https://content-syndication-portfolio.vercel.app/#operations-os,PASSED (First 5 seconds retention beat confirmed),VERIFIED (Thumbnail 1280x720 + High Contrast Title),Scheduled
POST-0110,2026-10-14,09:00:00,America/New_York (US EST) / SAST Ready,X / Twitter,SINGLE_TWEET,"If you sit at your desk at 9 AM and ask 'what should I work on today?' you've already lost.

Pre-decide your top 3 needle-movers at 5 PM yesterday. Execution beats deliberation.",,Read the full canonical breakdown: https://medium.com/@jezreelleybag.graphics/the-frictionless-operator-how-high-performers-eliminate-decision-fatigue-2feada7f7678,PASSED (280 character limit validated),"VERIFIED (No orphan hashtags, single line spacing)",Scheduled
POST-0111,2026-10-14,15:15:00,America/New_York (US EST) / SAST Ready,X / Twitter,SINGLE_TWEET,"If you sit at your desk at 9 AM and ask 'what should I work on today?' you've already lost.

Pre-decide your top 3 needle-movers at 5 PM yesterday. Execution beats deliberation.",,Read the full canonical breakdown: https://medium.com/@jezreelleybag.graphics/the-frictionless-operator-how-high-performers-eliminate-decision-fatigue-2feada7f7678,PASSED (280 character limit validated),"VERIFIED (No orphan hashtags, single line spacing)",Scheduled
POST-0112,2026-10-14,20:00:00,America/New_York (US EST) / SAST Ready,X / Twitter,SINGLE_TWEET,"If you sit at your desk at 9 AM and ask 'what should I work on today?' you've already lost.

Pre-decide your top 3 needle-movers at 5 PM yesterday. Execution beats deliberation.",,Read the full canonical breakdown: https://medium.com/@jezreelleybag.graphics/the-frictionless-operator-how-high-performers-eliminate-decision-fatigue-2feada7f7678,PASSED (280 character limit validated),"VERIFIED (No orphan hashtags, single line spacing)",Scheduled
POST-0113,2026-10-15,08:15:00,America/New_York (US EST) / SAST Ready,LinkedIn,LONGFORM,Burnout isn't caused by working 12 hours a day. It's caused by making 40 micro-decisions before 10 AM. #Productivity #PersonalGrowth #Leadership #Systems,,Grab the cloneable 1-page Daily Shutdown SOP in Notion: https://content-syndication-portfolio.vercel.app/#operations-os,PASSED (Under 3 lines / 140 chars before truncation),VERIFIED (Canva 4:5 + Color Hex Checked),Scheduled
POST-0114,2026-10-15,12:30:00,America/New_York (US EST) / SAST Ready,LinkedIn,CAROUSEL,Burnout isn't caused by working 12 hours a day. It's caused by making 40 micro-decisions before 10 AM. #Productivity #PersonalGrowth #Leadership #Systems,https://content-syndication-portfolio.vercel.app/assets/2026-10-15_LI_114_CAROUSEL.pdf,Grab the cloneable 1-page Daily Shutdown SOP in Notion: https://content-syndication-portfolio.vercel.app/#operations-os,PASSED (Under 3 lines / 140 chars before truncation),VERIFIED (Canva 4:5 + Color Hex Checked),Scheduled
POST-0115,2026-10-15,11:00:00,America/New_York (US EST) / SAST Ready,Instagram,REEL_9x16,The high-performer's secret to eliminating decision fatigue. Save this for your morning routine. ⚡ #PersonalGrowth #HighPerformance #FocusHabits #DailyRoutine,https://content-syndication-portfolio.vercel.app/assets/2026-10-15_IG_115_REEL_9x16.mp4,Drop 'SOP' below and we'll DM you the Notion template link directly.,PASSED (Mobile safe zones verified 1080x1920),VERIFIED (Audio synced + 15% safe margin),Scheduled
POST-0116,2026-10-15,18:45:00,America/New_York (US EST) / SAST Ready,Instagram,CAROUSEL_4x5,The high-performer's secret to eliminating decision fatigue. Save this for your morning routine. ⚡ #PersonalGrowth #HighPerformance #FocusHabits #DailyRoutine,https://content-syndication-portfolio.vercel.app/assets/2026-10-15_IG_116_CAROUSEL_4x5.jpg,Drop 'SOP' below and we'll DM you the Notion template link directly.,PASSED (Mobile safe zones verified 1080x1920),VERIFIED (Audio synced + 15% safe margin),Scheduled
POST-0117,2026-10-15,14:00:00,America/New_York (US EST) / SAST Ready,YouTube,SHORTS_9x16,The Frictionless Operator: Stop Burning 30% of Your Focus Before Noon. Full guide in description.,https://content-syndication-portfolio.vercel.app/assets/2026-10-15_YT_117_SHORTS_9x16.mp4,Pinned: Download the free Notion Operator Checklist: https://content-syndication-portfolio.vercel.app/#operations-os,PASSED (First 5 seconds retention beat confirmed),VERIFIED (Thumbnail 1280x720 + High Contrast Title),Scheduled
POST-0118,2026-10-15,09:00:00,America/New_York (US EST) / SAST Ready,X / Twitter,THREAD,"If you sit at your desk at 9 AM and ask 'what should I work on today?' you've already lost.

Pre-decide your top 3 needle-movers at 5 PM yesterday. Execution beats deliberation.",,Read the full canonical breakdown: https://medium.com/@jezreelleybag.graphics/the-frictionless-operator-how-high-performers-eliminate-decision-fatigue-2feada7f7678,PASSED (280 character limit validated),"VERIFIED (No orphan hashtags, single line spacing)",Scheduled
POST-0119,2026-10-15,15:15:00,America/New_York (US EST) / SAST Ready,X / Twitter,SINGLE_TWEET,"If you sit at your desk at 9 AM and ask 'what should I work on today?' you've already lost.

Pre-decide your top 3 needle-movers at 5 PM yesterday. Execution beats deliberation.",,Read the full canonical breakdown: https://medium.com/@jezreelleybag.graphics/the-frictionless-operator-how-high-performers-eliminate-decision-fatigue-2feada7f7678,PASSED (280 character limit validated),"VERIFIED (No orphan hashtags, single line spacing)",Scheduled
POST-0120,2026-10-15,20:00:00,America/New_York (US EST) / SAST Ready,X / Twitter,SINGLE_TWEET,"If you sit at your desk at 9 AM and ask 'what should I work on today?' you've already lost.

Pre-decide your top 3 needle-movers at 5 PM yesterday. Execution beats deliberation.",,Read the full canonical breakdown: https://medium.com/@jezreelleybag.graphics/the-frictionless-operator-how-high-performers-eliminate-decision-fatigue-2feada7f7678,PASSED (280 character limit validated),"VERIFIED (No orphan hashtags, single line spacing)",Scheduled
POST-0121,2026-10-16,08:15:00,America/New_York (US EST) / SAST Ready,LinkedIn,LONGFORM,Burnout isn't caused by working 12 hours a day. It's caused by making 40 micro-decisions before 10 AM. #Productivity #PersonalGrowth #Leadership #Systems,,Grab the cloneable 1-page Daily Shutdown SOP in Notion: https://content-syndication-portfolio.vercel.app/#operations-os,PASSED (Under 3 lines / 140 chars before truncation),VERIFIED (Canva 4:5 + Color Hex Checked),Scheduled
POST-0122,2026-10-16,12:30:00,America/New_York (US EST) / SAST Ready,LinkedIn,CAROUSEL,Burnout isn't caused by working 12 hours a day. It's caused by making 40 micro-decisions before 10 AM. #Productivity #PersonalGrowth #Leadership #Systems,https://content-syndication-portfolio.vercel.app/assets/2026-10-16_LI_122_CAROUSEL.pdf,Grab the cloneable 1-page Daily Shutdown SOP in Notion: https://content-syndication-portfolio.vercel.app/#operations-os,PASSED (Under 3 lines / 140 chars before truncation),VERIFIED (Canva 4:5 + Color Hex Checked),Scheduled
POST-0123,2026-10-16,11:00:00,America/New_York (US EST) / SAST Ready,Instagram,REEL_9x16,The high-performer's secret to eliminating decision fatigue. Save this for your morning routine. ⚡ #PersonalGrowth #HighPerformance #FocusHabits #DailyRoutine,https://content-syndication-portfolio.vercel.app/assets/2026-10-16_IG_123_REEL_9x16.mp4,Drop 'SOP' below and we'll DM you the Notion template link directly.,PASSED (Mobile safe zones verified 1080x1920),VERIFIED (Audio synced + 15% safe margin),Scheduled
POST-0124,2026-10-16,18:45:00,America/New_York (US EST) / SAST Ready,Instagram,CAROUSEL_4x5,The high-performer's secret to eliminating decision fatigue. Save this for your morning routine. ⚡ #PersonalGrowth #HighPerformance #FocusHabits #DailyRoutine,https://content-syndication-portfolio.vercel.app/assets/2026-10-16_IG_124_CAROUSEL_4x5.jpg,Drop 'SOP' below and we'll DM you the Notion template link directly.,PASSED (Mobile safe zones verified 1080x1920),VERIFIED (Audio synced + 15% safe margin),Scheduled
POST-0125,2026-10-16,14:00:00,America/New_York (US EST) / SAST Ready,YouTube,SHORTS_9x16,The 5 PM Shutdown Protocol: Stop Burning 30% of Your Focus Before Noon. Full guide in description.,https://content-syndication-portfolio.vercel.app/assets/2026-10-16_YT_125_SHORTS_9x16.mp4,Pinned: Download the free Notion Operator Checklist: https://content-syndication-portfolio.vercel.app/#operations-os,PASSED (First 5 seconds retention beat confirmed),VERIFIED (Thumbnail 1280x720 + High Contrast Title),Scheduled
POST-0126,2026-10-16,09:00:00,America/New_York (US EST) / SAST Ready,X / Twitter,SINGLE_TWEET,"If you sit at your desk at 9 AM and ask 'what should I work on today?' you've already lost.

Pre-decide your top 3 needle-movers at 5 PM yesterday. Execution beats deliberation.",,Read the full canonical breakdown: https://medium.com/@jezreelleybag.graphics/the-frictionless-operator-how-high-performers-eliminate-decision-fatigue-2feada7f7678,PASSED (280 character limit validated),"VERIFIED (No orphan hashtags, single line spacing)",Scheduled
POST-0127,2026-10-16,15:15:00,America/New_York (US EST) / SAST Ready,X / Twitter,SINGLE_TWEET,"If you sit at your desk at 9 AM and ask 'what should I work on today?' you've already lost.

Pre-decide your top 3 needle-movers at 5 PM yesterday. Execution beats deliberation.",,Read the full canonical breakdown: https://medium.com/@jezreelleybag.graphics/the-frictionless-operator-how-high-performers-eliminate-decision-fatigue-2feada7f7678,PASSED (280 character limit validated),"VERIFIED (No orphan hashtags, single line spacing)",Scheduled
POST-0128,2026-10-16,20:00:00,America/New_York (US EST) / SAST Ready,X / Twitter,SINGLE_TWEET,"If you sit at your desk at 9 AM and ask 'what should I work on today?' you've already lost.

Pre-decide your top 3 needle-movers at 5 PM yesterday. Execution beats deliberation.",,Read the full canonical breakdown: https://medium.com/@jezreelleybag.graphics/the-frictionless-operator-how-high-performers-eliminate-decision-fatigue-2feada7f7678,PASSED (280 character limit validated),"VERIFIED (No orphan hashtags, single line spacing)",Scheduled
POST-0129,2026-10-17,08:15:00,America/New_York (US EST) / SAST Ready,LinkedIn,LONGFORM,Burnout isn't caused by working 12 hours a day. It's caused by making 40 micro-decisions before 10 AM. #Productivity #PersonalGrowth #Leadership #Systems,,Grab the cloneable 1-page Daily Shutdown SOP in Notion: https://content-syndication-portfolio.vercel.app/#operations-os,PASSED (Under 3 lines / 140 chars before truncation),VERIFIED (Canva 4:5 + Color Hex Checked),Scheduled
POST-0130,2026-10-17,12:30:00,America/New_York (US EST) / SAST Ready,LinkedIn,CAROUSEL,Burnout isn't caused by working 12 hours a day. It's caused by making 40 micro-decisions before 10 AM. #Productivity #PersonalGrowth #Leadership #Systems,https://content-syndication-portfolio.vercel.app/assets/2026-10-17_LI_130_CAROUSEL.pdf,Grab the cloneable 1-page Daily Shutdown SOP in Notion: https://content-syndication-portfolio.vercel.app/#operations-os,PASSED (Under 3 lines / 140 chars before truncation),VERIFIED (Canva 4:5 + Color Hex Checked),Scheduled
POST-0131,2026-10-17,11:00:00,America/New_York (US EST) / SAST Ready,Instagram,REEL_9x16,The high-performer's secret to eliminating decision fatigue. Save this for your morning routine. ⚡ #PersonalGrowth #HighPerformance #FocusHabits #DailyRoutine,https://content-syndication-portfolio.vercel.app/assets/2026-10-17_IG_131_REEL_9x16.mp4,Drop 'SOP' below and we'll DM you the Notion template link directly.,PASSED (Mobile safe zones verified 1080x1920),VERIFIED (Audio synced + 15% safe margin),Scheduled
POST-0132,2026-10-17,18:45:00,America/New_York (US EST) / SAST Ready,Instagram,CAROUSEL_4x5,The high-performer's secret to eliminating decision fatigue. Save this for your morning routine. ⚡ #PersonalGrowth #HighPerformance #FocusHabits #DailyRoutine,https://content-syndication-portfolio.vercel.app/assets/2026-10-17_IG_132_CAROUSEL_4x5.jpg,Drop 'SOP' below and we'll DM you the Notion template link directly.,PASSED (Mobile safe zones verified 1080x1920),VERIFIED (Audio synced + 15% safe margin),Scheduled
POST-0133,2026-10-17,14:00:00,America/New_York (US EST) / SAST Ready,YouTube,SHORTS_9x16,Cognitive Load vs. Time Management: Stop Burning 30% of Your Focus Before Noon. Full guide in description.,https://content-syndication-portfolio.vercel.app/assets/2026-10-17_YT_133_SHORTS_9x16.mp4,Pinned: Download the free Notion Operator Checklist: https://content-syndication-portfolio.vercel.app/#operations-os,PASSED (First 5 seconds retention beat confirmed),VERIFIED (Thumbnail 1280x720 + High Contrast Title),Scheduled
POST-0134,2026-10-17,09:00:00,America/New_York (US EST) / SAST Ready,X / Twitter,SINGLE_TWEET,"If you sit at your desk at 9 AM and ask 'what should I work on today?' you've already lost.

Pre-decide your top 3 needle-movers at 5 PM yesterday. Execution beats deliberation.",,Read the full canonical breakdown: https://medium.com/@jezreelleybag.graphics/the-frictionless-operator-how-high-performers-eliminate-decision-fatigue-2feada7f7678,PASSED (280 character limit validated),"VERIFIED (No orphan hashtags, single line spacing)",Scheduled
POST-0135,2026-10-17,15:15:00,America/New_York (US EST) / SAST Ready,X / Twitter,SINGLE_TWEET,"If you sit at your desk at 9 AM and ask 'what should I work on today?' you've already lost.

Pre-decide your top 3 needle-movers at 5 PM yesterday. Execution beats deliberation.",,Read the full canonical breakdown: https://medium.com/@jezreelleybag.graphics/the-frictionless-operator-how-high-performers-eliminate-decision-fatigue-2feada7f7678,PASSED (280 character limit validated),"VERIFIED (No orphan hashtags, single line spacing)",Scheduled
POST-0136,2026-10-17,20:00:00,America/New_York (US EST) / SAST Ready,X / Twitter,SINGLE_TWEET,"If you sit at your desk at 9 AM and ask 'what should I work on today?' you've already lost.

Pre-decide your top 3 needle-movers at 5 PM yesterday. Execution beats deliberation.",,Read the full canonical breakdown: https://medium.com/@jezreelleybag.graphics/the-frictionless-operator-how-high-performers-eliminate-decision-fatigue-2feada7f7678,PASSED (280 character limit validated),"VERIFIED (No orphan hashtags, single line spacing)",Scheduled
POST-0137,2026-10-18,08:15:00,America/New_York (US EST) / SAST Ready,LinkedIn,LONGFORM,Burnout isn't caused by working 12 hours a day. It's caused by making 40 micro-decisions before 10 AM. #Productivity #PersonalGrowth #Leadership #Systems,,Grab the cloneable 1-page Daily Shutdown SOP in Notion: https://content-syndication-portfolio.vercel.app/#operations-os,PASSED (Under 3 lines / 140 chars before truncation),VERIFIED (Canva 4:5 + Color Hex Checked),Scheduled
POST-0138,2026-10-18,12:30:00,America/New_York (US EST) / SAST Ready,LinkedIn,CAROUSEL,Burnout isn't caused by working 12 hours a day. It's caused by making 40 micro-decisions before 10 AM. #Productivity #PersonalGrowth #Leadership #Systems,https://content-syndication-portfolio.vercel.app/assets/2026-10-18_LI_138_CAROUSEL.pdf,Grab the cloneable 1-page Daily Shutdown SOP in Notion: https://content-syndication-portfolio.vercel.app/#operations-os,PASSED (Under 3 lines / 140 chars before truncation),VERIFIED (Canva 4:5 + Color Hex Checked),Scheduled
POST-0139,2026-10-18,11:00:00,America/New_York (US EST) / SAST Ready,Instagram,REEL_9x16,The high-performer's secret to eliminating decision fatigue. Save this for your morning routine. ⚡ #PersonalGrowth #HighPerformance #FocusHabits #DailyRoutine,https://content-syndication-portfolio.vercel.app/assets/2026-10-18_IG_139_REEL_9x16.mp4,Drop 'SOP' below and we'll DM you the Notion template link directly.,PASSED (Mobile safe zones verified 1080x1920),VERIFIED (Audio synced + 15% safe margin),Scheduled
POST-0140,2026-10-18,18:45:00,America/New_York (US EST) / SAST Ready,Instagram,CAROUSEL_4x5,The high-performer's secret to eliminating decision fatigue. Save this for your morning routine. ⚡ #PersonalGrowth #HighPerformance #FocusHabits #DailyRoutine,https://content-syndication-portfolio.vercel.app/assets/2026-10-18_IG_140_CAROUSEL_4x5.jpg,Drop 'SOP' below and we'll DM you the Notion template link directly.,PASSED (Mobile safe zones verified 1080x1920),VERIFIED (Audio synced + 15% safe margin),Scheduled
POST-0141,2026-10-18,14:00:00,America/New_York (US EST) / SAST Ready,YouTube,PILLAR_16x9,SOP Your Life: 3 Frameworks: Stop Burning 30% of Your Focus Before Noon. Full guide in description.,https://content-syndication-portfolio.vercel.app/assets/2026-10-18_YT_141_PILLAR_16x9.mp4,Pinned: Download the free Notion Operator Checklist: https://content-syndication-portfolio.vercel.app/#operations-os,PASSED (First 5 seconds retention beat confirmed),VERIFIED (Thumbnail 1280x720 + High Contrast Title),Scheduled
POST-0142,2026-10-18,09:00:00,America/New_York (US EST) / SAST Ready,X / Twitter,SINGLE_TWEET,"If you sit at your desk at 9 AM and ask 'what should I work on today?' you've already lost.

Pre-decide your top 3 needle-movers at 5 PM yesterday. Execution beats deliberation.",,Read the full canonical breakdown: https://medium.com/@jezreelleybag.graphics/the-frictionless-operator-how-high-performers-eliminate-decision-fatigue-2feada7f7678,PASSED (280 character limit validated),"VERIFIED (No orphan hashtags, single line spacing)",Scheduled
POST-0143,2026-10-18,15:15:00,America/New_York (US EST) / SAST Ready,X / Twitter,SINGLE_TWEET,"If you sit at your desk at 9 AM and ask 'what should I work on today?' you've already lost.

Pre-decide your top 3 needle-movers at 5 PM yesterday. Execution beats deliberation.",,Read the full canonical breakdown: https://medium.com/@jezreelleybag.graphics/the-frictionless-operator-how-high-performers-eliminate-decision-fatigue-2feada7f7678,PASSED (280 character limit validated),"VERIFIED (No orphan hashtags, single line spacing)",Scheduled
POST-0144,2026-10-18,20:00:00,America/New_York (US EST) / SAST Ready,X / Twitter,SINGLE_TWEET,"If you sit at your desk at 9 AM and ask 'what should I work on today?' you've already lost.

Pre-decide your top 3 needle-movers at 5 PM yesterday. Execution beats deliberation.",,Read the full canonical breakdown: https://medium.com/@jezreelleybag.graphics/the-frictionless-operator-how-high-performers-eliminate-decision-fatigue-2feada7f7678,PASSED (280 character limit validated),"VERIFIED (No orphan hashtags, single line spacing)",Scheduled
POST-0145,2026-10-19,08:15:00,America/New_York (US EST) / SAST Ready,LinkedIn,LONGFORM,Burnout isn't caused by working 12 hours a day. It's caused by making 40 micro-decisions before 10 AM. #Productivity #PersonalGrowth #Leadership #Systems,,Grab the cloneable 1-page Daily Shutdown SOP in Notion: https://content-syndication-portfolio.vercel.app/#operations-os,PASSED (Under 3 lines / 140 chars before truncation),VERIFIED (Canva 4:5 + Color Hex Checked),Scheduled
POST-0146,2026-10-19,12:30:00,America/New_York (US EST) / SAST Ready,LinkedIn,CAROUSEL,Burnout isn't caused by working 12 hours a day. It's caused by making 40 micro-decisions before 10 AM. #Productivity #PersonalGrowth #Leadership #Systems,https://content-syndication-portfolio.vercel.app/assets/2026-10-19_LI_146_CAROUSEL.pdf,Grab the cloneable 1-page Daily Shutdown SOP in Notion: https://content-syndication-portfolio.vercel.app/#operations-os,PASSED (Under 3 lines / 140 chars before truncation),VERIFIED (Canva 4:5 + Color Hex Checked),Scheduled
POST-0147,2026-10-19,11:00:00,America/New_York (US EST) / SAST Ready,Instagram,REEL_9x16,The high-performer's secret to eliminating decision fatigue. Save this for your morning routine. ⚡ #PersonalGrowth #HighPerformance #FocusHabits #DailyRoutine,https://content-syndication-portfolio.vercel.app/assets/2026-10-19_IG_147_REEL_9x16.mp4,Drop 'SOP' below and we'll DM you the Notion template link directly.,PASSED (Mobile safe zones verified 1080x1920),VERIFIED (Audio synced + 15% safe margin),Scheduled
POST-0148,2026-10-19,18:45:00,America/New_York (US EST) / SAST Ready,Instagram,CAROUSEL_4x5,The high-performer's secret to eliminating decision fatigue. Save this for your morning routine. ⚡ #PersonalGrowth #HighPerformance #FocusHabits #DailyRoutine,https://content-syndication-portfolio.vercel.app/assets/2026-10-19_IG_148_CAROUSEL_4x5.jpg,Drop 'SOP' below and we'll DM you the Notion template link directly.,PASSED (Mobile safe zones verified 1080x1920),VERIFIED (Audio synced + 15% safe margin),Scheduled
POST-0149,2026-10-19,14:00:00,America/New_York (US EST) / SAST Ready,YouTube,SHORTS_9x16,Digital Minimalist Toolkit: Stop Burning 30% of Your Focus Before Noon. Full guide in description.,https://content-syndication-portfolio.vercel.app/assets/2026-10-19_YT_149_SHORTS_9x16.mp4,Pinned: Download the free Notion Operator Checklist: https://content-syndication-portfolio.vercel.app/#operations-os,PASSED (First 5 seconds retention beat confirmed),VERIFIED (Thumbnail 1280x720 + High Contrast Title),Scheduled
POST-0150,2026-10-19,09:00:00,America/New_York (US EST) / SAST Ready,X / Twitter,SINGLE_TWEET,"If you sit at your desk at 9 AM and ask 'what should I work on today?' you've already lost.

Pre-decide your top 3 needle-movers at 5 PM yesterday. Execution beats deliberation.",,Read the full canonical breakdown: https://medium.com/@jezreelleybag.graphics/the-frictionless-operator-how-high-performers-eliminate-decision-fatigue-2feada7f7678,PASSED (280 character limit validated),"VERIFIED (No orphan hashtags, single line spacing)",Scheduled
POST-0151,2026-10-19,15:15:00,America/New_York (US EST) / SAST Ready,X / Twitter,SINGLE_TWEET,"If you sit at your desk at 9 AM and ask 'what should I work on today?' you've already lost.

Pre-decide your top 3 needle-movers at 5 PM yesterday. Execution beats deliberation.",,Read the full canonical breakdown: https://medium.com/@jezreelleybag.graphics/the-frictionless-operator-how-high-performers-eliminate-decision-fatigue-2feada7f7678,PASSED (280 character limit validated),"VERIFIED (No orphan hashtags, single line spacing)",Scheduled
POST-0152,2026-10-19,20:00:00,America/New_York (US EST) / SAST Ready,X / Twitter,SINGLE_TWEET,"If you sit at your desk at 9 AM and ask 'what should I work on today?' you've already lost.

Pre-decide your top 3 needle-movers at 5 PM yesterday. Execution beats deliberation.",,Read the full canonical breakdown: https://medium.com/@jezreelleybag.graphics/the-frictionless-operator-how-high-performers-eliminate-decision-fatigue-2feada7f7678,PASSED (280 character limit validated),"VERIFIED (No orphan hashtags, single line spacing)",Scheduled
POST-0153,2026-10-20,08:15:00,America/New_York (US EST) / SAST Ready,LinkedIn,LONGFORM,Burnout isn't caused by working 12 hours a day. It's caused by making 40 micro-decisions before 10 AM. #Productivity #PersonalGrowth #Leadership #Systems,,Grab the cloneable 1-page Daily Shutdown SOP in Notion: https://content-syndication-portfolio.vercel.app/#operations-os,PASSED (Under 3 lines / 140 chars before truncation),VERIFIED (Canva 4:5 + Color Hex Checked),Scheduled
POST-0154,2026-10-20,12:30:00,America/New_York (US EST) / SAST Ready,LinkedIn,CAROUSEL,Burnout isn't caused by working 12 hours a day. It's caused by making 40 micro-decisions before 10 AM. #Productivity #PersonalGrowth #Leadership #Systems,https://content-syndication-portfolio.vercel.app/assets/2026-10-20_LI_154_CAROUSEL.pdf,Grab the cloneable 1-page Daily Shutdown SOP in Notion: https://content-syndication-portfolio.vercel.app/#operations-os,PASSED (Under 3 lines / 140 chars before truncation),VERIFIED (Canva 4:5 + Color Hex Checked),Scheduled
POST-0155,2026-10-20,11:00:00,America/New_York (US EST) / SAST Ready,Instagram,REEL_9x16,The high-performer's secret to eliminating decision fatigue. Save this for your morning routine. ⚡ #PersonalGrowth #HighPerformance #FocusHabits #DailyRoutine,https://content-syndication-portfolio.vercel.app/assets/2026-10-20_IG_155_REEL_9x16.mp4,Drop 'SOP' below and we'll DM you the Notion template link directly.,PASSED (Mobile safe zones verified 1080x1920),VERIFIED (Audio synced + 15% safe margin),Scheduled
POST-0156,2026-10-20,18:45:00,America/New_York (US EST) / SAST Ready,Instagram,CAROUSEL_4x5,The high-performer's secret to eliminating decision fatigue. Save this for your morning routine. ⚡ #PersonalGrowth #HighPerformance #FocusHabits #DailyRoutine,https://content-syndication-portfolio.vercel.app/assets/2026-10-20_IG_156_CAROUSEL_4x5.jpg,Drop 'SOP' below and we'll DM you the Notion template link directly.,PASSED (Mobile safe zones verified 1080x1920),VERIFIED (Audio synced + 15% safe margin),Scheduled
POST-0157,2026-10-20,14:00:00,America/New_York (US EST) / SAST Ready,YouTube,SHORTS_9x16,"Why Motivation Fails, Systems Win: Stop Burning 30% of Your Focus Before Noon. Full guide in description.",https://content-syndication-portfolio.vercel.app/assets/2026-10-20_YT_157_SHORTS_9x16.mp4,Pinned: Download the free Notion Operator Checklist: https://content-syndication-portfolio.vercel.app/#operations-os,PASSED (First 5 seconds retention beat confirmed),VERIFIED (Thumbnail 1280x720 + High Contrast Title),Scheduled
POST-0158,2026-10-20,09:00:00,America/New_York (US EST) / SAST Ready,X / Twitter,THREAD,"If you sit at your desk at 9 AM and ask 'what should I work on today?' you've already lost.

Pre-decide your top 3 needle-movers at 5 PM yesterday. Execution beats deliberation.",,Read the full canonical breakdown: https://medium.com/@jezreelleybag.graphics/the-frictionless-operator-how-high-performers-eliminate-decision-fatigue-2feada7f7678,PASSED (280 character limit validated),"VERIFIED (No orphan hashtags, single line spacing)",Scheduled
POST-0159,2026-10-20,15:15:00,America/New_York (US EST) / SAST Ready,X / Twitter,SINGLE_TWEET,"If you sit at your desk at 9 AM and ask 'what should I work on today?' you've already lost.

Pre-decide your top 3 needle-movers at 5 PM yesterday. Execution beats deliberation.",,Read the full canonical breakdown: https://medium.com/@jezreelleybag.graphics/the-frictionless-operator-how-high-performers-eliminate-decision-fatigue-2feada7f7678,PASSED (280 character limit validated),"VERIFIED (No orphan hashtags, single line spacing)",Scheduled
POST-0160,2026-10-20,20:00:00,America/New_York (US EST) / SAST Ready,X / Twitter,SINGLE_TWEET,"If you sit at your desk at 9 AM and ask 'what should I work on today?' you've already lost.

Pre-decide your top 3 needle-movers at 5 PM yesterday. Execution beats deliberation.",,Read the full canonical breakdown: https://medium.com/@jezreelleybag.graphics/the-frictionless-operator-how-high-performers-eliminate-decision-fatigue-2feada7f7678,PASSED (280 character limit validated),"VERIFIED (No orphan hashtags, single line spacing)",Scheduled
POST-0161,2026-10-21,08:15:00,America/New_York (US EST) / SAST Ready,LinkedIn,LONGFORM,Burnout isn't caused by working 12 hours a day. It's caused by making 40 micro-decisions before 10 AM. #Productivity #PersonalGrowth #Leadership #Systems,,Grab the cloneable 1-page Daily Shutdown SOP in Notion: https://content-syndication-portfolio.vercel.app/#operations-os,PASSED (Under 3 lines / 140 chars before truncation),VERIFIED (Canva 4:5 + Color Hex Checked),Scheduled
POST-0162,2026-10-21,12:30:00,America/New_York (US EST) / SAST Ready,LinkedIn,CAROUSEL,Burnout isn't caused by working 12 hours a day. It's caused by making 40 micro-decisions before 10 AM. #Productivity #PersonalGrowth #Leadership #Systems,https://content-syndication-portfolio.vercel.app/assets/2026-10-21_LI_162_CAROUSEL.pdf,Grab the cloneable 1-page Daily Shutdown SOP in Notion: https://content-syndication-portfolio.vercel.app/#operations-os,PASSED (Under 3 lines / 140 chars before truncation),VERIFIED (Canva 4:5 + Color Hex Checked),Scheduled
POST-0163,2026-10-21,11:00:00,America/New_York (US EST) / SAST Ready,Instagram,REEL_9x16,The high-performer's secret to eliminating decision fatigue. Save this for your morning routine. ⚡ #PersonalGrowth #HighPerformance #FocusHabits #DailyRoutine,https://content-syndication-portfolio.vercel.app/assets/2026-10-21_IG_163_REEL_9x16.mp4,Drop 'SOP' below and we'll DM you the Notion template link directly.,PASSED (Mobile safe zones verified 1080x1920),VERIFIED (Audio synced + 15% safe margin),Scheduled
POST-0164,2026-10-21,18:45:00,America/New_York (US EST) / SAST Ready,Instagram,CAROUSEL_4x5,The high-performer's secret to eliminating decision fatigue. Save this for your morning routine. ⚡ #PersonalGrowth #HighPerformance #FocusHabits #DailyRoutine,https://content-syndication-portfolio.vercel.app/assets/2026-10-21_IG_164_CAROUSEL_4x5.jpg,Drop 'SOP' below and we'll DM you the Notion template link directly.,PASSED (Mobile safe zones verified 1080x1920),VERIFIED (Audio synced + 15% safe margin),Scheduled
POST-0165,2026-10-21,14:00:00,America/New_York (US EST) / SAST Ready,YouTube,SHORTS_9x16,The 2-Minute Task Rule in Action: Stop Burning 30% of Your Focus Before Noon. Full guide in description.,https://content-syndication-portfolio.vercel.app/assets/2026-10-21_YT_165_SHORTS_9x16.mp4,Pinned: Download the free Notion Operator Checklist: https://content-syndication-portfolio.vercel.app/#operations-os,PASSED (First 5 seconds retention beat confirmed),VERIFIED (Thumbnail 1280x720 + High Contrast Title),Scheduled
POST-0166,2026-10-21,09:00:00,America/New_York (US EST) / SAST Ready,X / Twitter,SINGLE_TWEET,"If you sit at your desk at 9 AM and ask 'what should I work on today?' you've already lost.

Pre-decide your top 3 needle-movers at 5 PM yesterday. Execution beats deliberation.",,Read the full canonical breakdown: https://medium.com/@jezreelleybag.graphics/the-frictionless-operator-how-high-performers-eliminate-decision-fatigue-2feada7f7678,PASSED (280 character limit validated),"VERIFIED (No orphan hashtags, single line spacing)",Scheduled
POST-0167,2026-10-21,15:15:00,America/New_York (US EST) / SAST Ready,X / Twitter,SINGLE_TWEET,"If you sit at your desk at 9 AM and ask 'what should I work on today?' you've already lost.

Pre-decide your top 3 needle-movers at 5 PM yesterday. Execution beats deliberation.",,Read the full canonical breakdown: https://medium.com/@jezreelleybag.graphics/the-frictionless-operator-how-high-performers-eliminate-decision-fatigue-2feada7f7678,PASSED (280 character limit validated),"VERIFIED (No orphan hashtags, single line spacing)",Scheduled
POST-0168,2026-10-21,20:00:00,America/New_York (US EST) / SAST Ready,X / Twitter,SINGLE_TWEET,"If you sit at your desk at 9 AM and ask 'what should I work on today?' you've already lost.

Pre-decide your top 3 needle-movers at 5 PM yesterday. Execution beats deliberation.",,Read the full canonical breakdown: https://medium.com/@jezreelleybag.graphics/the-frictionless-operator-how-high-performers-eliminate-decision-fatigue-2feada7f7678,PASSED (280 character limit validated),"VERIFIED (No orphan hashtags, single line spacing)",Scheduled
POST-0169,2026-10-22,08:15:00,America/New_York (US EST) / SAST Ready,LinkedIn,LONGFORM,Burnout isn't caused by working 12 hours a day. It's caused by making 40 micro-decisions before 10 AM. #Productivity #PersonalGrowth #Leadership #Systems,,Grab the cloneable 1-page Daily Shutdown SOP in Notion: https://content-syndication-portfolio.vercel.app/#operations-os,PASSED (Under 3 lines / 140 chars before truncation),VERIFIED (Canva 4:5 + Color Hex Checked),Scheduled
POST-0170,2026-10-22,12:30:00,America/New_York (US EST) / SAST Ready,LinkedIn,CAROUSEL,Burnout isn't caused by working 12 hours a day. It's caused by making 40 micro-decisions before 10 AM. #Productivity #PersonalGrowth #Leadership #Systems,https://content-syndication-portfolio.vercel.app/assets/2026-10-22_LI_170_CAROUSEL.pdf,Grab the cloneable 1-page Daily Shutdown SOP in Notion: https://content-syndication-portfolio.vercel.app/#operations-os,PASSED (Under 3 lines / 140 chars before truncation),VERIFIED (Canva 4:5 + Color Hex Checked),Scheduled
POST-0171,2026-10-22,11:00:00,America/New_York (US EST) / SAST Ready,Instagram,REEL_9x16,The high-performer's secret to eliminating decision fatigue. Save this for your morning routine. ⚡ #PersonalGrowth #HighPerformance #FocusHabits #DailyRoutine,https://content-syndication-portfolio.vercel.app/assets/2026-10-22_IG_171_REEL_9x16.mp4,Drop 'SOP' below and we'll DM you the Notion template link directly.,PASSED (Mobile safe zones verified 1080x1920),VERIFIED (Audio synced + 15% safe margin),Scheduled
POST-0172,2026-10-22,18:45:00,America/New_York (US EST) / SAST Ready,Instagram,CAROUSEL_4x5,The high-performer's secret to eliminating decision fatigue. Save this for your morning routine. ⚡ #PersonalGrowth #HighPerformance #FocusHabits #DailyRoutine,https://content-syndication-portfolio.vercel.app/assets/2026-10-22_IG_172_CAROUSEL_4x5.jpg,Drop 'SOP' below and we'll DM you the Notion template link directly.,PASSED (Mobile safe zones verified 1080x1920),VERIFIED (Audio synced + 15% safe margin),Scheduled
POST-0173,2026-10-22,14:00:00,America/New_York (US EST) / SAST Ready,YouTube,SHORTS_9x16,The Frictionless Operator: Stop Burning 30% of Your Focus Before Noon. Full guide in description.,https://content-syndication-portfolio.vercel.app/assets/2026-10-22_YT_173_SHORTS_9x16.mp4,Pinned: Download the free Notion Operator Checklist: https://content-syndication-portfolio.vercel.app/#operations-os,PASSED (First 5 seconds retention beat confirmed),VERIFIED (Thumbnail 1280x720 + High Contrast Title),Scheduled
POST-0174,2026-10-22,09:00:00,America/New_York (US EST) / SAST Ready,X / Twitter,THREAD,"If you sit at your desk at 9 AM and ask 'what should I work on today?' you've already lost.

Pre-decide your top 3 needle-movers at 5 PM yesterday. Execution beats deliberation.",,Read the full canonical breakdown: https://medium.com/@jezreelleybag.graphics/the-frictionless-operator-how-high-performers-eliminate-decision-fatigue-2feada7f7678,PASSED (280 character limit validated),"VERIFIED (No orphan hashtags, single line spacing)",Scheduled
POST-0175,2026-10-22,15:15:00,America/New_York (US EST) / SAST Ready,X / Twitter,SINGLE_TWEET,"If you sit at your desk at 9 AM and ask 'what should I work on today?' you've already lost.

Pre-decide your top 3 needle-movers at 5 PM yesterday. Execution beats deliberation.",,Read the full canonical breakdown: https://medium.com/@jezreelleybag.graphics/the-frictionless-operator-how-high-performers-eliminate-decision-fatigue-2feada7f7678,PASSED (280 character limit validated),"VERIFIED (No orphan hashtags, single line spacing)",Scheduled
POST-0176,2026-10-22,20:00:00,America/New_York (US EST) / SAST Ready,X / Twitter,SINGLE_TWEET,"If you sit at your desk at 9 AM and ask 'what should I work on today?' you've already lost.

Pre-decide your top 3 needle-movers at 5 PM yesterday. Execution beats deliberation.",,Read the full canonical breakdown: https://medium.com/@jezreelleybag.graphics/the-frictionless-operator-how-high-performers-eliminate-decision-fatigue-2feada7f7678,PASSED (280 character limit validated),"VERIFIED (No orphan hashtags, single line spacing)",Scheduled
POST-0177,2026-10-23,08:15:00,America/New_York (US EST) / SAST Ready,LinkedIn,LONGFORM,Burnout isn't caused by working 12 hours a day. It's caused by making 40 micro-decisions before 10 AM. #Productivity #PersonalGrowth #Leadership #Systems,,Grab the cloneable 1-page Daily Shutdown SOP in Notion: https://content-syndication-portfolio.vercel.app/#operations-os,PASSED (Under 3 lines / 140 chars before truncation),VERIFIED (Canva 4:5 + Color Hex Checked),Scheduled
POST-0178,2026-10-23,12:30:00,America/New_York (US EST) / SAST Ready,LinkedIn,CAROUSEL,Burnout isn't caused by working 12 hours a day. It's caused by making 40 micro-decisions before 10 AM. #Productivity #PersonalGrowth #Leadership #Systems,https://content-syndication-portfolio.vercel.app/assets/2026-10-23_LI_178_CAROUSEL.pdf,Grab the cloneable 1-page Daily Shutdown SOP in Notion: https://content-syndication-portfolio.vercel.app/#operations-os,PASSED (Under 3 lines / 140 chars before truncation),VERIFIED (Canva 4:5 + Color Hex Checked),Scheduled
POST-0179,2026-10-23,11:00:00,America/New_York (US EST) / SAST Ready,Instagram,REEL_9x16,The high-performer's secret to eliminating decision fatigue. Save this for your morning routine. ⚡ #PersonalGrowth #HighPerformance #FocusHabits #DailyRoutine,https://content-syndication-portfolio.vercel.app/assets/2026-10-23_IG_179_REEL_9x16.mp4,Drop 'SOP' below and we'll DM you the Notion template link directly.,PASSED (Mobile safe zones verified 1080x1920),VERIFIED (Audio synced + 15% safe margin),Scheduled
POST-0180,2026-10-23,18:45:00,America/New_York (US EST) / SAST Ready,Instagram,CAROUSEL_4x5,The high-performer's secret to eliminating decision fatigue. Save this for your morning routine. ⚡ #PersonalGrowth #HighPerformance #FocusHabits #DailyRoutine,https://content-syndication-portfolio.vercel.app/assets/2026-10-23_IG_180_CAROUSEL_4x5.jpg,Drop 'SOP' below and we'll DM you the Notion template link directly.,PASSED (Mobile safe zones verified 1080x1920),VERIFIED (Audio synced + 15% safe margin),Scheduled
POST-0181,2026-10-23,14:00:00,America/New_York (US EST) / SAST Ready,YouTube,SHORTS_9x16,The 5 PM Shutdown Protocol: Stop Burning 30% of Your Focus Before Noon. Full guide in description.,https://content-syndication-portfolio.vercel.app/assets/2026-10-23_YT_181_SHORTS_9x16.mp4,Pinned: Download the free Notion Operator Checklist: https://content-syndication-portfolio.vercel.app/#operations-os,PASSED (First 5 seconds retention beat confirmed),VERIFIED (Thumbnail 1280x720 + High Contrast Title),Scheduled
POST-0182,2026-10-23,09:00:00,America/New_York (US EST) / SAST Ready,X / Twitter,SINGLE_TWEET,"If you sit at your desk at 9 AM and ask 'what should I work on today?' you've already lost.

Pre-decide your top 3 needle-movers at 5 PM yesterday. Execution beats deliberation.",,Read the full canonical breakdown: https://medium.com/@jezreelleybag.graphics/the-frictionless-operator-how-high-performers-eliminate-decision-fatigue-2feada7f7678,PASSED (280 character limit validated),"VERIFIED (No orphan hashtags, single line spacing)",Scheduled
POST-0183,2026-10-23,15:15:00,America/New_York (US EST) / SAST Ready,X / Twitter,SINGLE_TWEET,"If you sit at your desk at 9 AM and ask 'what should I work on today?' you've already lost.

Pre-decide your top 3 needle-movers at 5 PM yesterday. Execution beats deliberation.",,Read the full canonical breakdown: https://medium.com/@jezreelleybag.graphics/the-frictionless-operator-how-high-performers-eliminate-decision-fatigue-2feada7f7678,PASSED (280 character limit validated),"VERIFIED (No orphan hashtags, single line spacing)",Scheduled
POST-0184,2026-10-23,20:00:00,America/New_York (US EST) / SAST Ready,X / Twitter,SINGLE_TWEET,"If you sit at your desk at 9 AM and ask 'what should I work on today?' you've already lost.

Pre-decide your top 3 needle-movers at 5 PM yesterday. Execution beats deliberation.",,Read the full canonical breakdown: https://medium.com/@jezreelleybag.graphics/the-frictionless-operator-how-high-performers-eliminate-decision-fatigue-2feada7f7678,PASSED (280 character limit validated),"VERIFIED (No orphan hashtags, single line spacing)",Scheduled
POST-0185,2026-10-24,08:15:00,America/New_York (US EST) / SAST Ready,LinkedIn,LONGFORM,Burnout isn't caused by working 12 hours a day. It's caused by making 40 micro-decisions before 10 AM. #Productivity #PersonalGrowth #Leadership #Systems,,Grab the cloneable 1-page Daily Shutdown SOP in Notion: https://content-syndication-portfolio.vercel.app/#operations-os,PASSED (Under 3 lines / 140 chars before truncation),VERIFIED (Canva 4:5 + Color Hex Checked),Scheduled
POST-0186,2026-10-24,12:30:00,America/New_York (US EST) / SAST Ready,LinkedIn,CAROUSEL,Burnout isn't caused by working 12 hours a day. It's caused by making 40 micro-decisions before 10 AM. #Productivity #PersonalGrowth #Leadership #Systems,https://content-syndication-portfolio.vercel.app/assets/2026-10-24_LI_186_CAROUSEL.pdf,Grab the cloneable 1-page Daily Shutdown SOP in Notion: https://content-syndication-portfolio.vercel.app/#operations-os,PASSED (Under 3 lines / 140 chars before truncation),VERIFIED (Canva 4:5 + Color Hex Checked),Scheduled
POST-0187,2026-10-24,11:00:00,America/New_York (US EST) / SAST Ready,Instagram,REEL_9x16,The high-performer's secret to eliminating decision fatigue. Save this for your morning routine. ⚡ #PersonalGrowth #HighPerformance #FocusHabits #DailyRoutine,https://content-syndication-portfolio.vercel.app/assets/2026-10-24_IG_187_REEL_9x16.mp4,Drop 'SOP' below and we'll DM you the Notion template link directly.,PASSED (Mobile safe zones verified 1080x1920),VERIFIED (Audio synced + 15% safe margin),Scheduled
POST-0188,2026-10-24,18:45:00,America/New_York (US EST) / SAST Ready,Instagram,CAROUSEL_4x5,The high-performer's secret to eliminating decision fatigue. Save this for your morning routine. ⚡ #PersonalGrowth #HighPerformance #FocusHabits #DailyRoutine,https://content-syndication-portfolio.vercel.app/assets/2026-10-24_IG_188_CAROUSEL_4x5.jpg,Drop 'SOP' below and we'll DM you the Notion template link directly.,PASSED (Mobile safe zones verified 1080x1920),VERIFIED (Audio synced + 15% safe margin),Scheduled
POST-0189,2026-10-24,14:00:00,America/New_York (US EST) / SAST Ready,YouTube,SHORTS_9x16,Cognitive Load vs. Time Management: Stop Burning 30% of Your Focus Before Noon. Full guide in description.,https://content-syndication-portfolio.vercel.app/assets/2026-10-24_YT_189_SHORTS_9x16.mp4,Pinned: Download the free Notion Operator Checklist: https://content-syndication-portfolio.vercel.app/#operations-os,PASSED (First 5 seconds retention beat confirmed),VERIFIED (Thumbnail 1280x720 + High Contrast Title),Scheduled
POST-0190,2026-10-24,09:00:00,America/New_York (US EST) / SAST Ready,X / Twitter,SINGLE_TWEET,"If you sit at your desk at 9 AM and ask 'what should I work on today?' you've already lost.

Pre-decide your top 3 needle-movers at 5 PM yesterday. Execution beats deliberation.",,Read the full canonical breakdown: https://medium.com/@jezreelleybag.graphics/the-frictionless-operator-how-high-performers-eliminate-decision-fatigue-2feada7f7678,PASSED (280 character limit validated),"VERIFIED (No orphan hashtags, single line spacing)",Scheduled
POST-0191,2026-10-24,15:15:00,America/New_York (US EST) / SAST Ready,X / Twitter,SINGLE_TWEET,"If you sit at your desk at 9 AM and ask 'what should I work on today?' you've already lost.

Pre-decide your top 3 needle-movers at 5 PM yesterday. Execution beats deliberation.",,Read the full canonical breakdown: https://medium.com/@jezreelleybag.graphics/the-frictionless-operator-how-high-performers-eliminate-decision-fatigue-2feada7f7678,PASSED (280 character limit validated),"VERIFIED (No orphan hashtags, single line spacing)",Scheduled
POST-0192,2026-10-24,20:00:00,America/New_York (US EST) / SAST Ready,X / Twitter,SINGLE_TWEET,"If you sit at your desk at 9 AM and ask 'what should I work on today?' you've already lost.

Pre-decide your top 3 needle-movers at 5 PM yesterday. Execution beats deliberation.",,Read the full canonical breakdown: https://medium.com/@jezreelleybag.graphics/the-frictionless-operator-how-high-performers-eliminate-decision-fatigue-2feada7f7678,PASSED (280 character limit validated),"VERIFIED (No orphan hashtags, single line spacing)",Scheduled
POST-0193,2026-10-25,08:15:00,America/New_York (US EST) / SAST Ready,LinkedIn,LONGFORM,Burnout isn't caused by working 12 hours a day. It's caused by making 40 micro-decisions before 10 AM. #Productivity #PersonalGrowth #Leadership #Systems,,Grab the cloneable 1-page Daily Shutdown SOP in Notion: https://content-syndication-portfolio.vercel.app/#operations-os,PASSED (Under 3 lines / 140 chars before truncation),VERIFIED (Canva 4:5 + Color Hex Checked),Scheduled
POST-0194,2026-10-25,12:30:00,America/New_York (US EST) / SAST Ready,LinkedIn,CAROUSEL,Burnout isn't caused by working 12 hours a day. It's caused by making 40 micro-decisions before 10 AM. #Productivity #PersonalGrowth #Leadership #Systems,https://content-syndication-portfolio.vercel.app/assets/2026-10-25_LI_194_CAROUSEL.pdf,Grab the cloneable 1-page Daily Shutdown SOP in Notion: https://content-syndication-portfolio.vercel.app/#operations-os,PASSED (Under 3 lines / 140 chars before truncation),VERIFIED (Canva 4:5 + Color Hex Checked),Scheduled
POST-0195,2026-10-25,11:00:00,America/New_York (US EST) / SAST Ready,Instagram,REEL_9x16,The high-performer's secret to eliminating decision fatigue. Save this for your morning routine. ⚡ #PersonalGrowth #HighPerformance #FocusHabits #DailyRoutine,https://content-syndication-portfolio.vercel.app/assets/2026-10-25_IG_195_REEL_9x16.mp4,Drop 'SOP' below and we'll DM you the Notion template link directly.,PASSED (Mobile safe zones verified 1080x1920),VERIFIED (Audio synced + 15% safe margin),Scheduled
POST-0196,2026-10-25,18:45:00,America/New_York (US EST) / SAST Ready,Instagram,CAROUSEL_4x5,The high-performer's secret to eliminating decision fatigue. Save this for your morning routine. ⚡ #PersonalGrowth #HighPerformance #FocusHabits #DailyRoutine,https://content-syndication-portfolio.vercel.app/assets/2026-10-25_IG_196_CAROUSEL_4x5.jpg,Drop 'SOP' below and we'll DM you the Notion template link directly.,PASSED (Mobile safe zones verified 1080x1920),VERIFIED (Audio synced + 15% safe margin),Scheduled
POST-0197,2026-10-25,14:00:00,America/New_York (US EST) / SAST Ready,YouTube,PILLAR_16x9,SOP Your Life: 3 Frameworks: Stop Burning 30% of Your Focus Before Noon. Full guide in description.,https://content-syndication-portfolio.vercel.app/assets/2026-10-25_YT_197_PILLAR_16x9.mp4,Pinned: Download the free Notion Operator Checklist: https://content-syndication-portfolio.vercel.app/#operations-os,PASSED (First 5 seconds retention beat confirmed),VERIFIED (Thumbnail 1280x720 + High Contrast Title),Scheduled
POST-0198,2026-10-25,09:00:00,America/New_York (US EST) / SAST Ready,X / Twitter,SINGLE_TWEET,"If you sit at your desk at 9 AM and ask 'what should I work on today?' you've already lost.

Pre-decide your top 3 needle-movers at 5 PM yesterday. Execution beats deliberation.",,Read the full canonical breakdown: https://medium.com/@jezreelleybag.graphics/the-frictionless-operator-how-high-performers-eliminate-decision-fatigue-2feada7f7678,PASSED (280 character limit validated),"VERIFIED (No orphan hashtags, single line spacing)",Scheduled
POST-0199,2026-10-25,15:15:00,America/New_York (US EST) / SAST Ready,X / Twitter,SINGLE_TWEET,"If you sit at your desk at 9 AM and ask 'what should I work on today?' you've already lost.

Pre-decide your top 3 needle-movers at 5 PM yesterday. Execution beats deliberation.",,Read the full canonical breakdown: https://medium.com/@jezreelleybag.graphics/the-frictionless-operator-how-high-performers-eliminate-decision-fatigue-2feada7f7678,PASSED (280 character limit validated),"VERIFIED (No orphan hashtags, single line spacing)",Scheduled
POST-0200,2026-10-25,20:00:00,America/New_York (US EST) / SAST Ready,X / Twitter,SINGLE_TWEET,"If you sit at your desk at 9 AM and ask 'what should I work on today?' you've already lost.

Pre-decide your top 3 needle-movers at 5 PM yesterday. Execution beats deliberation.",,Read the full canonical breakdown: https://medium.com/@jezreelleybag.graphics/the-frictionless-operator-how-high-performers-eliminate-decision-fatigue-2feada7f7678,PASSED (280 character limit validated),"VERIFIED (No orphan hashtags, single line spacing)",Scheduled
POST-0201,2026-10-26,08:15:00,America/New_York (US EST) / SAST Ready,LinkedIn,LONGFORM,Burnout isn't caused by working 12 hours a day. It's caused by making 40 micro-decisions before 10 AM. #Productivity #PersonalGrowth #Leadership #Systems,,Grab the cloneable 1-page Daily Shutdown SOP in Notion: https://content-syndication-portfolio.vercel.app/#operations-os,PASSED (Under 3 lines / 140 chars before truncation),VERIFIED (Canva 4:5 + Color Hex Checked),Scheduled
POST-0202,2026-10-26,12:30:00,America/New_York (US EST) / SAST Ready,LinkedIn,CAROUSEL,Burnout isn't caused by working 12 hours a day. It's caused by making 40 micro-decisions before 10 AM. #Productivity #PersonalGrowth #Leadership #Systems,https://content-syndication-portfolio.vercel.app/assets/2026-10-26_LI_202_CAROUSEL.pdf,Grab the cloneable 1-page Daily Shutdown SOP in Notion: https://content-syndication-portfolio.vercel.app/#operations-os,PASSED (Under 3 lines / 140 chars before truncation),VERIFIED (Canva 4:5 + Color Hex Checked),Scheduled
POST-0203,2026-10-26,11:00:00,America/New_York (US EST) / SAST Ready,Instagram,REEL_9x16,The high-performer's secret to eliminating decision fatigue. Save this for your morning routine. ⚡ #PersonalGrowth #HighPerformance #FocusHabits #DailyRoutine,https://content-syndication-portfolio.vercel.app/assets/2026-10-26_IG_203_REEL_9x16.mp4,Drop 'SOP' below and we'll DM you the Notion template link directly.,PASSED (Mobile safe zones verified 1080x1920),VERIFIED (Audio synced + 15% safe margin),Scheduled
POST-0204,2026-10-26,18:45:00,America/New_York (US EST) / SAST Ready,Instagram,CAROUSEL_4x5,The high-performer's secret to eliminating decision fatigue. Save this for your morning routine. ⚡ #PersonalGrowth #HighPerformance #FocusHabits #DailyRoutine,https://content-syndication-portfolio.vercel.app/assets/2026-10-26_IG_204_CAROUSEL_4x5.jpg,Drop 'SOP' below and we'll DM you the Notion template link directly.,PASSED (Mobile safe zones verified 1080x1920),VERIFIED (Audio synced + 15% safe margin),Scheduled
POST-0205,2026-10-26,14:00:00,America/New_York (US EST) / SAST Ready,YouTube,SHORTS_9x16,Digital Minimalist Toolkit: Stop Burning 30% of Your Focus Before Noon. Full guide in description.,https://content-syndication-portfolio.vercel.app/assets/2026-10-26_YT_205_SHORTS_9x16.mp4,Pinned: Download the free Notion Operator Checklist: https://content-syndication-portfolio.vercel.app/#operations-os,PASSED (First 5 seconds retention beat confirmed),VERIFIED (Thumbnail 1280x720 + High Contrast Title),Scheduled
POST-0206,2026-10-26,09:00:00,America/New_York (US EST) / SAST Ready,X / Twitter,SINGLE_TWEET,"If you sit at your desk at 9 AM and ask 'what should I work on today?' you've already lost.

Pre-decide your top 3 needle-movers at 5 PM yesterday. Execution beats deliberation.",,Read the full canonical breakdown: https://medium.com/@jezreelleybag.graphics/the-frictionless-operator-how-high-performers-eliminate-decision-fatigue-2feada7f7678,PASSED (280 character limit validated),"VERIFIED (No orphan hashtags, single line spacing)",Scheduled
POST-0207,2026-10-26,15:15:00,America/New_York (US EST) / SAST Ready,X / Twitter,SINGLE_TWEET,"If you sit at your desk at 9 AM and ask 'what should I work on today?' you've already lost.

Pre-decide your top 3 needle-movers at 5 PM yesterday. Execution beats deliberation.",,Read the full canonical breakdown: https://medium.com/@jezreelleybag.graphics/the-frictionless-operator-how-high-performers-eliminate-decision-fatigue-2feada7f7678,PASSED (280 character limit validated),"VERIFIED (No orphan hashtags, single line spacing)",Scheduled
POST-0208,2026-10-26,20:00:00,America/New_York (US EST) / SAST Ready,X / Twitter,SINGLE_TWEET,"If you sit at your desk at 9 AM and ask 'what should I work on today?' you've already lost.

Pre-decide your top 3 needle-movers at 5 PM yesterday. Execution beats deliberation.",,Read the full canonical breakdown: https://medium.com/@jezreelleybag.graphics/the-frictionless-operator-how-high-performers-eliminate-decision-fatigue-2feada7f7678,PASSED (280 character limit validated),"VERIFIED (No orphan hashtags, single line spacing)",Scheduled
POST-0209,2026-10-27,08:15:00,America/New_York (US EST) / SAST Ready,LinkedIn,LONGFORM,Burnout isn't caused by working 12 hours a day. It's caused by making 40 micro-decisions before 10 AM. #Productivity #PersonalGrowth #Leadership #Systems,,Grab the cloneable 1-page Daily Shutdown SOP in Notion: https://content-syndication-portfolio.vercel.app/#operations-os,PASSED (Under 3 lines / 140 chars before truncation),VERIFIED (Canva 4:5 + Color Hex Checked),Scheduled
POST-0210,2026-10-27,12:30:00,America/New_York (US EST) / SAST Ready,LinkedIn,CAROUSEL,Burnout isn't caused by working 12 hours a day. It's caused by making 40 micro-decisions before 10 AM. #Productivity #PersonalGrowth #Leadership #Systems,https://content-syndication-portfolio.vercel.app/assets/2026-10-27_LI_210_CAROUSEL.pdf,Grab the cloneable 1-page Daily Shutdown SOP in Notion: https://content-syndication-portfolio.vercel.app/#operations-os,PASSED (Under 3 lines / 140 chars before truncation),VERIFIED (Canva 4:5 + Color Hex Checked),Scheduled
POST-0211,2026-10-27,11:00:00,America/New_York (US EST) / SAST Ready,Instagram,REEL_9x16,The high-performer's secret to eliminating decision fatigue. Save this for your morning routine. ⚡ #PersonalGrowth #HighPerformance #FocusHabits #DailyRoutine,https://content-syndication-portfolio.vercel.app/assets/2026-10-27_IG_211_REEL_9x16.mp4,Drop 'SOP' below and we'll DM you the Notion template link directly.,PASSED (Mobile safe zones verified 1080x1920),VERIFIED (Audio synced + 15% safe margin),Scheduled
POST-0212,2026-10-27,18:45:00,America/New_York (US EST) / SAST Ready,Instagram,CAROUSEL_4x5,The high-performer's secret to eliminating decision fatigue. Save this for your morning routine. ⚡ #PersonalGrowth #HighPerformance #FocusHabits #DailyRoutine,https://content-syndication-portfolio.vercel.app/assets/2026-10-27_IG_212_CAROUSEL_4x5.jpg,Drop 'SOP' below and we'll DM you the Notion template link directly.,PASSED (Mobile safe zones verified 1080x1920),VERIFIED (Audio synced + 15% safe margin),Scheduled
POST-0213,2026-10-27,14:00:00,America/New_York (US EST) / SAST Ready,YouTube,SHORTS_9x16,"Why Motivation Fails, Systems Win: Stop Burning 30% of Your Focus Before Noon. Full guide in description.",https://content-syndication-portfolio.vercel.app/assets/2026-10-27_YT_213_SHORTS_9x16.mp4,Pinned: Download the free Notion Operator Checklist: https://content-syndication-portfolio.vercel.app/#operations-os,PASSED (First 5 seconds retention beat confirmed),VERIFIED (Thumbnail 1280x720 + High Contrast Title),Scheduled
POST-0214,2026-10-27,09:00:00,America/New_York (US EST) / SAST Ready,X / Twitter,THREAD,"If you sit at your desk at 9 AM and ask 'what should I work on today?' you've already lost.

Pre-decide your top 3 needle-movers at 5 PM yesterday. Execution beats deliberation.",,Read the full canonical breakdown: https://medium.com/@jezreelleybag.graphics/the-frictionless-operator-how-high-performers-eliminate-decision-fatigue-2feada7f7678,PASSED (280 character limit validated),"VERIFIED (No orphan hashtags, single line spacing)",Scheduled
POST-0215,2026-10-27,15:15:00,America/New_York (US EST) / SAST Ready,X / Twitter,SINGLE_TWEET,"If you sit at your desk at 9 AM and ask 'what should I work on today?' you've already lost.

Pre-decide your top 3 needle-movers at 5 PM yesterday. Execution beats deliberation.",,Read the full canonical breakdown: https://medium.com/@jezreelleybag.graphics/the-frictionless-operator-how-high-performers-eliminate-decision-fatigue-2feada7f7678,PASSED (280 character limit validated),"VERIFIED (No orphan hashtags, single line spacing)",Scheduled
POST-0216,2026-10-27,20:00:00,America/New_York (US EST) / SAST Ready,X / Twitter,SINGLE_TWEET,"If you sit at your desk at 9 AM and ask 'what should I work on today?' you've already lost.

Pre-decide your top 3 needle-movers at 5 PM yesterday. Execution beats deliberation.",,Read the full canonical breakdown: https://medium.com/@jezreelleybag.graphics/the-frictionless-operator-how-high-performers-eliminate-decision-fatigue-2feada7f7678,PASSED (280 character limit validated),"VERIFIED (No orphan hashtags, single line spacing)",Scheduled
POST-0217,2026-10-28,08:15:00,America/New_York (US EST) / SAST Ready,LinkedIn,LONGFORM,Burnout isn't caused by working 12 hours a day. It's caused by making 40 micro-decisions before 10 AM. #Productivity #PersonalGrowth #Leadership #Systems,,Grab the cloneable 1-page Daily Shutdown SOP in Notion: https://content-syndication-portfolio.vercel.app/#operations-os,PASSED (Under 3 lines / 140 chars before truncation),VERIFIED (Canva 4:5 + Color Hex Checked),Scheduled
POST-0218,2026-10-28,12:30:00,America/New_York (US EST) / SAST Ready,LinkedIn,CAROUSEL,Burnout isn't caused by working 12 hours a day. It's caused by making 40 micro-decisions before 10 AM. #Productivity #PersonalGrowth #Leadership #Systems,https://content-syndication-portfolio.vercel.app/assets/2026-10-28_LI_218_CAROUSEL.pdf,Grab the cloneable 1-page Daily Shutdown SOP in Notion: https://content-syndication-portfolio.vercel.app/#operations-os,PASSED (Under 3 lines / 140 chars before truncation),VERIFIED (Canva 4:5 + Color Hex Checked),Scheduled
POST-0219,2026-10-28,11:00:00,America/New_York (US EST) / SAST Ready,Instagram,REEL_9x16,The high-performer's secret to eliminating decision fatigue. Save this for your morning routine. ⚡ #PersonalGrowth #HighPerformance #FocusHabits #DailyRoutine,https://content-syndication-portfolio.vercel.app/assets/2026-10-28_IG_219_REEL_9x16.mp4,Drop 'SOP' below and we'll DM you the Notion template link directly.,PASSED (Mobile safe zones verified 1080x1920),VERIFIED (Audio synced + 15% safe margin),Scheduled
POST-0220,2026-10-28,18:45:00,America/New_York (US EST) / SAST Ready,Instagram,CAROUSEL_4x5,The high-performer's secret to eliminating decision fatigue. Save this for your morning routine. ⚡ #PersonalGrowth #HighPerformance #FocusHabits #DailyRoutine,https://content-syndication-portfolio.vercel.app/assets/2026-10-28_IG_220_CAROUSEL_4x5.jpg,Drop 'SOP' below and we'll DM you the Notion template link directly.,PASSED (Mobile safe zones verified 1080x1920),VERIFIED (Audio synced + 15% safe margin),Scheduled
POST-0221,2026-10-28,14:00:00,America/New_York (US EST) / SAST Ready,YouTube,SHORTS_9x16,The 2-Minute Task Rule in Action: Stop Burning 30% of Your Focus Before Noon. Full guide in description.,https://content-syndication-portfolio.vercel.app/assets/2026-10-28_YT_221_SHORTS_9x16.mp4,Pinned: Download the free Notion Operator Checklist: https://content-syndication-portfolio.vercel.app/#operations-os,PASSED (First 5 seconds retention beat confirmed),VERIFIED (Thumbnail 1280x720 + High Contrast Title),Scheduled
POST-0222,2026-10-28,09:00:00,America/New_York (US EST) / SAST Ready,X / Twitter,SINGLE_TWEET,"If you sit at your desk at 9 AM and ask 'what should I work on today?' you've already lost.

Pre-decide your top 3 needle-movers at 5 PM yesterday. Execution beats deliberation.",,Read the full canonical breakdown: https://medium.com/@jezreelleybag.graphics/the-frictionless-operator-how-high-performers-eliminate-decision-fatigue-2feada7f7678,PASSED (280 character limit validated),"VERIFIED (No orphan hashtags, single line spacing)",Scheduled
POST-0223,2026-10-28,15:15:00,America/New_York (US EST) / SAST Ready,X / Twitter,SINGLE_TWEET,"If you sit at your desk at 9 AM and ask 'what should I work on today?' you've already lost.

Pre-decide your top 3 needle-movers at 5 PM yesterday. Execution beats deliberation.",,Read the full canonical breakdown: https://medium.com/@jezreelleybag.graphics/the-frictionless-operator-how-high-performers-eliminate-decision-fatigue-2feada7f7678,PASSED (280 character limit validated),"VERIFIED (No orphan hashtags, single line spacing)",Scheduled
POST-0224,2026-10-28,20:00:00,America/New_York (US EST) / SAST Ready,X / Twitter,SINGLE_TWEET,"If you sit at your desk at 9 AM and ask 'what should I work on today?' you've already lost.

Pre-decide your top 3 needle-movers at 5 PM yesterday. Execution beats deliberation.",,Read the full canonical breakdown: https://medium.com/@jezreelleybag.graphics/the-frictionless-operator-how-high-performers-eliminate-decision-fatigue-2feada7f7678,PASSED (280 character limit validated),"VERIFIED (No orphan hashtags, single line spacing)",Scheduled
POST-0225,2026-10-29,08:15:00,America/New_York (US EST) / SAST Ready,LinkedIn,LONGFORM,Burnout isn't caused by working 12 hours a day. It's caused by making 40 micro-decisions before 10 AM. #Productivity #PersonalGrowth #Leadership #Systems,,Grab the cloneable 1-page Daily Shutdown SOP in Notion: https://content-syndication-portfolio.vercel.app/#operations-os,PASSED (Under 3 lines / 140 chars before truncation),VERIFIED (Canva 4:5 + Color Hex Checked),Scheduled
POST-0226,2026-10-29,12:30:00,America/New_York (US EST) / SAST Ready,LinkedIn,CAROUSEL,Burnout isn't caused by working 12 hours a day. It's caused by making 40 micro-decisions before 10 AM. #Productivity #PersonalGrowth #Leadership #Systems,https://content-syndication-portfolio.vercel.app/assets/2026-10-29_LI_226_CAROUSEL.pdf,Grab the cloneable 1-page Daily Shutdown SOP in Notion: https://content-syndication-portfolio.vercel.app/#operations-os,PASSED (Under 3 lines / 140 chars before truncation),VERIFIED (Canva 4:5 + Color Hex Checked),Scheduled
POST-0227,2026-10-29,11:00:00,America/New_York (US EST) / SAST Ready,Instagram,REEL_9x16,The high-performer's secret to eliminating decision fatigue. Save this for your morning routine. ⚡ #PersonalGrowth #HighPerformance #FocusHabits #DailyRoutine,https://content-syndication-portfolio.vercel.app/assets/2026-10-29_IG_227_REEL_9x16.mp4,Drop 'SOP' below and we'll DM you the Notion template link directly.,PASSED (Mobile safe zones verified 1080x1920),VERIFIED (Audio synced + 15% safe margin),Scheduled
POST-0228,2026-10-29,18:45:00,America/New_York (US EST) / SAST Ready,Instagram,CAROUSEL_4x5,The high-performer's secret to eliminating decision fatigue. Save this for your morning routine. ⚡ #PersonalGrowth #HighPerformance #FocusHabits #DailyRoutine,https://content-syndication-portfolio.vercel.app/assets/2026-10-29_IG_228_CAROUSEL_4x5.jpg,Drop 'SOP' below and we'll DM you the Notion template link directly.,PASSED (Mobile safe zones verified 1080x1920),VERIFIED (Audio synced + 15% safe margin),Scheduled
POST-0229,2026-10-29,14:00:00,America/New_York (US EST) / SAST Ready,YouTube,SHORTS_9x16,The Frictionless Operator: Stop Burning 30% of Your Focus Before Noon. Full guide in description.,https://content-syndication-portfolio.vercel.app/assets/2026-10-29_YT_229_SHORTS_9x16.mp4,Pinned: Download the free Notion Operator Checklist: https://content-syndication-portfolio.vercel.app/#operations-os,PASSED (First 5 seconds retention beat confirmed),VERIFIED (Thumbnail 1280x720 + High Contrast Title),Scheduled
POST-0230,2026-10-29,09:00:00,America/New_York (US EST) / SAST Ready,X / Twitter,THREAD,"If you sit at your desk at 9 AM and ask 'what should I work on today?' you've already lost.

Pre-decide your top 3 needle-movers at 5 PM yesterday. Execution beats deliberation.",,Read the full canonical breakdown: https://medium.com/@jezreelleybag.graphics/the-frictionless-operator-how-high-performers-eliminate-decision-fatigue-2feada7f7678,PASSED (280 character limit validated),"VERIFIED (No orphan hashtags, single line spacing)",Scheduled
POST-0231,2026-10-29,15:15:00,America/New_York (US EST) / SAST Ready,X / Twitter,SINGLE_TWEET,"If you sit at your desk at 9 AM and ask 'what should I work on today?' you've already lost.

Pre-decide your top 3 needle-movers at 5 PM yesterday. Execution beats deliberation.",,Read the full canonical breakdown: https://medium.com/@jezreelleybag.graphics/the-frictionless-operator-how-high-performers-eliminate-decision-fatigue-2feada7f7678,PASSED (280 character limit validated),"VERIFIED (No orphan hashtags, single line spacing)",Scheduled
POST-0232,2026-10-29,20:00:00,America/New_York (US EST) / SAST Ready,X / Twitter,SINGLE_TWEET,"If you sit at your desk at 9 AM and ask 'what should I work on today?' you've already lost.

Pre-decide your top 3 needle-movers at 5 PM yesterday. Execution beats deliberation.",,Read the full canonical breakdown: https://medium.com/@jezreelleybag.graphics/the-frictionless-operator-how-high-performers-eliminate-decision-fatigue-2feada7f7678,PASSED (280 character limit validated),"VERIFIED (No orphan hashtags, single line spacing)",Scheduled
POST-0233,2026-10-30,08:15:00,America/New_York (US EST) / SAST Ready,LinkedIn,LONGFORM,Burnout isn't caused by working 12 hours a day. It's caused by making 40 micro-decisions before 10 AM. #Productivity #PersonalGrowth #Leadership #Systems,,Grab the cloneable 1-page Daily Shutdown SOP in Notion: https://content-syndication-portfolio.vercel.app/#operations-os,PASSED (Under 3 lines / 140 chars before truncation),VERIFIED (Canva 4:5 + Color Hex Checked),Scheduled
POST-0234,2026-10-30,12:30:00,America/New_York (US EST) / SAST Ready,LinkedIn,CAROUSEL,Burnout isn't caused by working 12 hours a day. It's caused by making 40 micro-decisions before 10 AM. #Productivity #PersonalGrowth #Leadership #Systems,https://content-syndication-portfolio.vercel.app/assets/2026-10-30_LI_234_CAROUSEL.pdf,Grab the cloneable 1-page Daily Shutdown SOP in Notion: https://content-syndication-portfolio.vercel.app/#operations-os,PASSED (Under 3 lines / 140 chars before truncation),VERIFIED (Canva 4:5 + Color Hex Checked),Scheduled
POST-0235,2026-10-30,11:00:00,America/New_York (US EST) / SAST Ready,Instagram,REEL_9x16,The high-performer's secret to eliminating decision fatigue. Save this for your morning routine. ⚡ #PersonalGrowth #HighPerformance #FocusHabits #DailyRoutine,https://content-syndication-portfolio.vercel.app/assets/2026-10-30_IG_235_REEL_9x16.mp4,Drop 'SOP' below and we'll DM you the Notion template link directly.,PASSED (Mobile safe zones verified 1080x1920),VERIFIED (Audio synced + 15% safe margin),Scheduled
POST-0236,2026-10-30,18:45:00,America/New_York (US EST) / SAST Ready,Instagram,CAROUSEL_4x5,The high-performer's secret to eliminating decision fatigue. Save this for your morning routine. ⚡ #PersonalGrowth #HighPerformance #FocusHabits #DailyRoutine,https://content-syndication-portfolio.vercel.app/assets/2026-10-30_IG_236_CAROUSEL_4x5.jpg,Drop 'SOP' below and we'll DM you the Notion template link directly.,PASSED (Mobile safe zones verified 1080x1920),VERIFIED (Audio synced + 15% safe margin),Scheduled
POST-0237,2026-10-30,14:00:00,America/New_York (US EST) / SAST Ready,YouTube,SHORTS_9x16,The 5 PM Shutdown Protocol: Stop Burning 30% of Your Focus Before Noon. Full guide in description.,https://content-syndication-portfolio.vercel.app/assets/2026-10-30_YT_237_SHORTS_9x16.mp4,Pinned: Download the free Notion Operator Checklist: https://content-syndication-portfolio.vercel.app/#operations-os,PASSED (First 5 seconds retention beat confirmed),VERIFIED (Thumbnail 1280x720 + High Contrast Title),Scheduled
POST-0238,2026-10-30,09:00:00,America/New_York (US EST) / SAST Ready,X / Twitter,SINGLE_TWEET,"If you sit at your desk at 9 AM and ask 'what should I work on today?' you've already lost.

Pre-decide your top 3 needle-movers at 5 PM yesterday. Execution beats deliberation.",,Read the full canonical breakdown: https://medium.com/@jezreelleybag.graphics/the-frictionless-operator-how-high-performers-eliminate-decision-fatigue-2feada7f7678,PASSED (280 character limit validated),"VERIFIED (No orphan hashtags, single line spacing)",Scheduled
POST-0239,2026-10-30,15:15:00,America/New_York (US EST) / SAST Ready,X / Twitter,SINGLE_TWEET,"If you sit at your desk at 9 AM and ask 'what should I work on today?' you've already lost.

Pre-decide your top 3 needle-movers at 5 PM yesterday. Execution beats deliberation.",,Read the full canonical breakdown: https://medium.com/@jezreelleybag.graphics/the-frictionless-operator-how-high-performers-eliminate-decision-fatigue-2feada7f7678,PASSED (280 character limit validated),"VERIFIED (No orphan hashtags, single line spacing)",Scheduled
POST-0240,2026-10-30,20:00:00,America/New_York (US EST) / SAST Ready,X / Twitter,SINGLE_TWEET,"If you sit at your desk at 9 AM and ask 'what should I work on today?' you've already lost.

Pre-decide your top 3 needle-movers at 5 PM yesterday. Execution beats deliberation.",,Read the full canonical breakdown: https://medium.com/@jezreelleybag.graphics/the-frictionless-operator-how-high-performers-eliminate-decision-fatigue-2feada7f7678,PASSED (280 character limit validated),"VERIFIED (No orphan hashtags, single line spacing)",Scheduled
